,volume,disc1,disc2,disc3,disc4,disc5,users
0,1,1.0,0.0,0.0,0.0,0.0,1
1,1,0.0,0.0,1.0,0.0,0.0,1
2,2,2.0,0.0,0.0,0.0,0.0,1
3,1,1.0,0.0,0.0,0.0,0.0,1
4,1,1.0,0.0,0.0,0.0,0.0,1
5,3,3.0,0.0,0.0,0.0,0.0,1
6,1,1.0,0.0,0.0,0.0,0.0,1
7,1,1.0,0.0,0.0,0.0,0.0,1
8,1,0.0,1.0,0.0,0.0,0.0,1
9,1,0.0,1.0,0.0,0.0,0.0,1
10,1,0.0,0.0,1.0,0.0,0.0,1
11,1,1.0,0.0,0.0,0.0,0.0,1
12,1,1.0,0.0,0.0,0.0,0.0,1
13,1,0.0,0.0,0.0,1.0,0.0,1
14,1,0.0,0.0,0.0,0.0,0.0,1
15,1,0.0,0.0,0.0,1.0,0.0,1
16,1,0.0,0.0,0.0,1.0,0.0,1
17,1,0.0,0.0,0.0,0.0,0.0,1
18,1,0.0,0.0,1.0,0.0,0.0,1
19,1,1.0,0.0,0.0,0.0,0.0,1
20,1,1.0,0.0,0.0,0.0,0.0,1
21,2,1.0,1.0,0.0,0.0,0.0,1
22,1,1.0,0.0,0.0,0.0,0.0,1
23,1,0.0,0.0,0.0,1.0,0.0,1
24,2,1.0,1.0,0.0,0.0,0.0,2
25,1,0.0,0.0,0.0,1.0,0.0,1
26,1,0.0,1.0,0.0,0.0,0.0,1
27,1,0.0,0.0,1.0,0.0,0.0,1
28,2,0.0,2.0,0.0,0.0,0.0,2
29,3,0.0,0.0,0.0,3.0,0.0,3
30,1,0.0,0.0,0.0,1.0,0.0,1
31,1,1.0,0.0,0.0,0.0,0.0,1
32,2,1.0,1.0,0.0,0.0,0.0,2
33,1,1.0,0.0,0.0,0.0,0.0,1
34,1,1.0,0.0,0.0,0.0,0.0,1
35,1,0.0,0.0,1.0,0.0,0.0,1
36,3,1.0,0.0,2.0,0.0,0.0,3
37,1,1.0,0.0,0.0,0.0,0.0,1
38,1,0.0,0.0,0.0,1.0,0.0,1
39,1,1.0,0.0,0.0,0.0,0.0,1
40,1,1.0,0.0,0.0,0.0,0.0,1
41,1,0.0,0.0,1.0,0.0,0.0,1
42,2,1.0,1.0,0.0,0.0,0.0,2
43,2,0.0,0.0,2.0,0.0,0.0,2
44,2,0.0,0.0,1.0,0.0,1.0,2
45,1,0.0,1.0,0.0,0.0,0.0,1
46,1,0.0,0.0,0.0,1.0,0.0,1
47,2,0.0,0.0,1.0,1.0,0.0,2
48,1,1.0,0.0,0.0,0.0,0.0,1
49,2,0.0,0.0,1.0,1.0,0.0,2
50,1,1.0,0.0,0.0,0.0,0.0,1
51,1,0.0,0.0,1.0,0.0,0.0,1
52,1,0.0,0.0,1.0,0.0,0.0,1
53,3,1.0,1.0,0.0,1.0,0.0,3
54,1,0.0,0.0,0.0,1.0,0.0,1
55,4,2.0,2.0,0.0,0.0,0.0,4
56,1,0.0,0.0,1.0,0.0,0.0,1
57,1,1.0,0.0,0.0,0.0,0.0,1
58,1,1.0,0.0,0.0,0.0,0.0,1
59,1,1.0,0.0,0.0,0.0,0.0,1
60,1,0.0,0.0,1.0,0.0,0.0,1
61,2,1.0,1.0,0.0,0.0,0.0,2
62,1,1.0,0.0,0.0,0.0,0.0,1
63,1,1.0,0.0,0.0,0.0,0.0,1
64,3,3.0,0.0,0.0,0.0,0.0,2
65,1,1.0,0.0,0.0,0.0,0.0,1
66,1,1.0,0.0,0.0,0.0,0.0,1
67,1,0.0,0.0,1.0,0.0,0.0,1
68,1,0.0,0.0,1.0,0.0,0.0,1
69,3,2.0,1.0,0.0,0.0,0.0,3
70,3,0.0,2.0,1.0,0.0,0.0,3
71,7,5.0,2.0,0.0,0.0,0.0,6
72,10,5.0,4.0,0.0,1.0,0.0,10
73,6,3.0,2.0,1.0,0.0,0.0,5
74,1,1.0,0.0,0.0,0.0,0.0,1
75,1,0.0,1.0,0.0,0.0,0.0,1
76,2,1.0,1.0,0.0,0.0,0.0,1
77,1,1.0,0.0,0.0,0.0,0.0,1
78,1,1.0,0.0,0.0,0.0,0.0,1
79,1,0.0,1.0,0.0,0.0,0.0,1
80,1,0.0,1.0,0.0,0.0,0.0,1
81,2,2.0,0.0,0.0,0.0,0.0,1
82,2,1.0,1.0,0.0,0.0,0.0,2
83,1,1.0,0.0,0.0,0.0,0.0,1
84,1,1.0,0.0,0.0,0.0,0.0,1
85,2,2.0,0.0,0.0,0.0,0.0,2
86,1,1.0,0.0,0.0,0.0,0.0,1
87,1,0.0,0.0,1.0,0.0,0.0,1
88,1,1.0,0.0,0.0,0.0,0.0,1
89,3,3.0,0.0,0.0,0.0,0.0,1
90,1,0.0,1.0,0.0,0.0,0.0,1
91,1,1.0,0.0,0.0,0.0,0.0,1
92,2,1.0,0.0,1.0,0.0,0.0,2
93,1,1.0,0.0,0.0,0.0,0.0,1
94,1,0.0,1.0,0.0,0.0,0.0,1
95,2,1.0,0.0,1.0,0.0,0.0,2
96,1,1.0,0.0,0.0,0.0,0.0,1
97,1,1.0,0.0,0.0,0.0,0.0,1
98,1,0.0,0.0,1.0,0.0,0.0,1
99,1,1.0,0.0,0.0,0.0,0.0,1
100,1,0.0,0.0,1.0,0.0,0.0,1
101,1,1.0,0.0,0.0,0.0,0.0,1
102,2,1.0,0.0,1.0,0.0,0.0,1
103,2,2.0,0.0,0.0,0.0,0.0,2
104,1,1.0,0.0,0.0,0.0,0.0,1
105,2,2.0,0.0,0.0,0.0,0.0,2
106,3,1.0,2.0,0.0,0.0,0.0,3
107,1,1.0,0.0,0.0,0.0,0.0,1
108,1,1.0,0.0,0.0,0.0,0.0,1
109,2,0.0,1.0,1.0,0.0,0.0,2
110,1,1.0,0.0,0.0,0.0,0.0,1
111,1,1.0,0.0,0.0,0.0,0.0,1
112,2,2.0,0.0,0.0,0.0,0.0,2
113,1,1.0,0.0,0.0,0.0,0.0,1
114,1,1.0,0.0,0.0,0.0,0.0,1
115,2,1.0,0.0,1.0,0.0,0.0,1
116,1,0.0,1.0,0.0,0.0,0.0,1
117,2,1.0,0.0,1.0,0.0,0.0,2
118,1,0.0,1.0,0.0,0.0,0.0,1
119,2,1.0,1.0,0.0,0.0,0.0,2
120,3,1.0,0.0,2.0,0.0,0.0,2
121,1,1.0,0.0,0.0,0.0,0.0,1
122,1,1.0,0.0,0.0,0.0,0.0,1
123,4,2.0,1.0,1.0,0.0,0.0,3
124,1,1.0,0.0,0.0,0.0,0.0,1
125,2,2.0,0.0,0.0,0.0,0.0,2
126,1,0.0,0.0,1.0,0.0,0.0,1
127,1,0.0,1.0,0.0,0.0,0.0,1
128,1,1.0,0.0,0.0,0.0,0.0,1
129,1,0.0,0.0,1.0,0.0,0.0,1
130,1,1.0,0.0,0.0,0.0,0.0,1
131,1,0.0,0.0,1.0,0.0,0.0,1
132,1,1.0,0.0,0.0,0.0,0.0,1
133,2,1.0,0.0,1.0,0.0,0.0,2
134,3,1.0,1.0,1.0,0.0,0.0,3
135,2,0.0,2.0,0.0,0.0,0.0,2
136,2,1.0,1.0,0.0,0.0,0.0,2
137,1,1.0,0.0,0.0,0.0,0.0,1
138,1,0.0,0.0,1.0,0.0,0.0,1
139,1,1.0,0.0,0.0,0.0,0.0,1
140,3,3.0,0.0,0.0,0.0,0.0,3
141,2,1.0,1.0,0.0,0.0,0.0,2
142,2,1.0,1.0,0.0,0.0,0.0,2
143,1,1.0,0.0,0.0,0.0,0.0,1
144,1,0.0,0.0,1.0,0.0,0.0,1
145,3,1.0,2.0,0.0,0.0,0.0,2
146,1,0.0,1.0,0.0,0.0,0.0,1
147,2,1.0,0.0,0.0,1.0,0.0,2
148,1,1.0,0.0,0.0,0.0,0.0,1
149,1,1.0,0.0,0.0,0.0,0.0,1
150,4,1.0,1.0,2.0,0.0,0.0,3
151,1,1.0,0.0,0.0,0.0,0.0,1
152,4,0.0,2.0,1.0,1.0,0.0,3
153,3,1.0,0.0,1.0,1.0,0.0,3
154,1,1.0,0.0,0.0,0.0,0.0,1
155,2,1.0,0.0,1.0,0.0,0.0,2
156,6,1.0,1.0,4.0,0.0,0.0,5
157,2,1.0,1.0,0.0,0.0,0.0,1
158,1,0.0,0.0,1.0,0.0,0.0,1
159,1,0.0,0.0,1.0,0.0,0.0,1
160,1,1.0,0.0,0.0,0.0,0.0,1
161,1,0.0,0.0,1.0,0.0,0.0,1
162,1,0.0,1.0,0.0,0.0,0.0,1
163,3,1.0,1.0,1.0,0.0,0.0,3
164,1,0.0,0.0,1.0,0.0,0.0,1
165,2,1.0,0.0,1.0,0.0,0.0,1
166,3,1.0,0.0,2.0,0.0,0.0,3
167,1,1.0,0.0,0.0,0.0,0.0,1
168,1,0.0,0.0,1.0,0.0,0.0,1
169,2,2.0,0.0,0.0,0.0,0.0,2
170,1,0.0,0.0,1.0,0.0,0.0,1
171,1,1.0,0.0,0.0,0.0,0.0,1
172,7,1.0,2.0,4.0,0.0,0.0,2
173,1,1.0,0.0,0.0,0.0,0.0,1
174,1,0.0,0.0,1.0,0.0,0.0,1
175,2,1.0,0.0,1.0,0.0,0.0,2
176,2,2.0,0.0,0.0,0.0,0.0,2
177,4,2.0,0.0,2.0,0.0,0.0,3
178,1,0.0,0.0,1.0,0.0,0.0,1
179,1,1.0,0.0,0.0,0.0,0.0,1
180,3,2.0,0.0,1.0,0.0,0.0,2
181,2,0.0,1.0,1.0,0.0,0.0,2
182,2,0.0,1.0,1.0,0.0,0.0,2
183,1,1.0,0.0,0.0,0.0,0.0,1
184,3,2.0,1.0,0.0,0.0,0.0,2
185,1,1.0,0.0,0.0,0.0,0.0,1
186,3,0.0,0.0,3.0,0.0,0.0,2
187,6,1.0,5.0,0.0,0.0,0.0,6
188,3,2.0,1.0,0.0,0.0,0.0,2
189,1,0.0,0.0,1.0,0.0,0.0,1
190,3,2.0,1.0,0.0,0.0,0.0,3
191,1,0.0,0.0,1.0,0.0,0.0,1
192,1,1.0,0.0,0.0,0.0,0.0,1
193,1,1.0,0.0,0.0,0.0,0.0,1
194,3,1.0,0.0,2.0,0.0,0.0,3
195,2,0.0,0.0,2.0,0.0,0.0,2
196,2,1.0,1.0,0.0,0.0,0.0,2
197,1,0.0,0.0,1.0,0.0,0.0,1
198,2,0.0,2.0,0.0,0.0,0.0,2
199,6,0.0,0.0,6.0,0.0,0.0,5
200,2,0.0,2.0,0.0,0.0,0.0,1
201,1,0.0,0.0,0.0,1.0,0.0,1
202,2,0.0,1.0,1.0,0.0,0.0,1
203,1,1.0,0.0,0.0,0.0,0.0,1
204,2,0.0,1.0,1.0,0.0,0.0,1
205,2,1.0,0.0,1.0,0.0,0.0,2
206,2,1.0,1.0,0.0,0.0,0.0,2
207,1,0.0,1.0,0.0,0.0,0.0,1
208,4,1.0,3.0,0.0,0.0,0.0,2
209,2,2.0,0.0,0.0,0.0,0.0,2
210,2,0.0,2.0,0.0,0.0,0.0,2
211,3,0.0,3.0,0.0,0.0,0.0,2
212,3,1.0,2.0,0.0,0.0,0.0,3
213,3,1.0,2.0,0.0,0.0,0.0,3
214,5,1.0,3.0,1.0,0.0,0.0,4
215,3,0.0,0.0,3.0,0.0,0.0,2
216,3,0.0,2.0,1.0,0.0,0.0,2
217,1,0.0,1.0,0.0,0.0,0.0,1
218,2,0.0,1.0,1.0,0.0,0.0,2
219,1,0.0,0.0,1.0,0.0,0.0,1
220,2,1.0,1.0,0.0,0.0,0.0,2
221,2,1.0,0.0,1.0,0.0,0.0,2
222,2,1.0,1.0,0.0,0.0,0.0,2
223,1,1.0,0.0,0.0,0.0,0.0,1
224,2,2.0,0.0,0.0,0.0,0.0,2
225,4,3.0,0.0,1.0,0.0,0.0,4
226,1,1.0,0.0,0.0,0.0,0.0,1
227,5,3.0,1.0,1.0,0.0,0.0,3
228,2,1.0,0.0,1.0,0.0,0.0,2
229,1,0.0,0.0,1.0,0.0,0.0,1
230,2,1.0,1.0,0.0,0.0,0.0,2
231,2,2.0,0.0,0.0,0.0,0.0,2
232,2,0.0,1.0,1.0,0.0,0.0,2
233,1,0.0,0.0,1.0,0.0,0.0,1
234,3,3.0,0.0,0.0,0.0,0.0,3
235,3,1.0,1.0,1.0,0.0,0.0,3
236,4,0.0,0.0,4.0,0.0,0.0,4
237,3,0.0,0.0,2.0,1.0,0.0,3
238,2,0.0,0.0,2.0,0.0,0.0,2
239,1,1.0,0.0,0.0,0.0,0.0,1
240,4,3.0,0.0,1.0,0.0,0.0,2
241,3,2.0,0.0,1.0,0.0,0.0,3
242,5,3.0,1.0,1.0,0.0,0.0,5
243,8,3.0,1.0,4.0,0.0,0.0,8
244,1,0.0,0.0,1.0,0.0,0.0,1
245,2,2.0,0.0,0.0,0.0,0.0,2
246,1,0.0,0.0,1.0,0.0,0.0,1
247,3,1.0,0.0,2.0,0.0,0.0,3
248,1,0.0,0.0,1.0,0.0,0.0,1
249,2,1.0,0.0,1.0,0.0,0.0,2
250,5,1.0,0.0,3.0,0.0,1.0,5
251,1,0.0,0.0,1.0,0.0,0.0,1
252,1,1.0,0.0,0.0,0.0,0.0,1
253,2,2.0,0.0,0.0,0.0,0.0,2
254,4,1.0,3.0,0.0,0.0,0.0,4
255,1,0.0,1.0,0.0,0.0,0.0,1
256,6,1.0,2.0,3.0,0.0,0.0,6
257,2,2.0,0.0,0.0,0.0,0.0,2
258,5,1.0,2.0,2.0,0.0,0.0,5
259,2,2.0,0.0,0.0,0.0,0.0,2
260,4,1.0,0.0,3.0,0.0,0.0,3
261,4,3.0,0.0,1.0,0.0,0.0,4
262,2,1.0,0.0,1.0,0.0,0.0,2
263,2,1.0,1.0,0.0,0.0,0.0,2
264,2,1.0,0.0,1.0,0.0,0.0,2
265,2,1.0,0.0,1.0,0.0,0.0,2
266,3,1.0,2.0,0.0,0.0,0.0,2
267,4,2.0,1.0,1.0,0.0,0.0,4
268,3,2.0,0.0,1.0,0.0,0.0,3
269,3,2.0,1.0,0.0,0.0,0.0,2
270,4,1.0,1.0,2.0,0.0,0.0,4
271,6,6.0,0.0,0.0,0.0,0.0,4
272,9,4.0,1.0,4.0,0.0,0.0,9
273,8,5.0,3.0,0.0,0.0,0.0,8
274,8,5.0,2.0,1.0,0.0,0.0,7
275,16,10.0,4.0,2.0,0.0,0.0,15
276,12,11.0,0.0,1.0,0.0,0.0,10
277,16,14.0,1.0,1.0,0.0,0.0,12
278,11,7.0,3.0,1.0,0.0,0.0,8
279,4,1.0,1.0,2.0,0.0,0.0,4
280,3,2.0,1.0,0.0,0.0,0.0,2
281,2,2.0,0.0,0.0,0.0,0.0,2
282,1,1.0,0.0,0.0,0.0,0.0,1
283,2,1.0,0.0,1.0,0.0,0.0,2
284,2,0.0,2.0,0.0,0.0,0.0,2
285,1,1.0,0.0,0.0,0.0,0.0,1
286,1,0.0,0.0,1.0,0.0,0.0,1
287,3,2.0,1.0,0.0,0.0,0.0,3
288,1,1.0,0.0,0.0,0.0,0.0,1
289,4,3.0,1.0,0.0,0.0,0.0,4
290,1,1.0,0.0,0.0,0.0,0.0,1
291,2,1.0,1.0,0.0,0.0,0.0,2
292,1,0.0,1.0,0.0,0.0,0.0,1
293,1,0.0,1.0,0.0,0.0,0.0,1
294,1,1.0,0.0,0.0,0.0,0.0,1
295,1,1.0,0.0,0.0,0.0,0.0,1
296,3,0.0,0.0,3.0,0.0,0.0,3
297,4,1.0,1.0,2.0,0.0,0.0,4
298,4,1.0,1.0,2.0,0.0,0.0,3
299,1,1.0,0.0,0.0,0.0,0.0,1
300,3,1.0,1.0,1.0,0.0,0.0,3
301,2,1.0,0.0,1.0,0.0,0.0,2
302,2,2.0,0.0,0.0,0.0,0.0,2
303,1,0.0,0.0,1.0,0.0,0.0,1
304,1,0.0,0.0,1.0,0.0,0.0,1
305,5,3.0,2.0,0.0,0.0,0.0,2
306,1,0.0,0.0,1.0,0.0,0.0,1
307,4,3.0,0.0,1.0,0.0,0.0,4
308,1,0.0,0.0,1.0,0.0,0.0,1
309,4,0.0,1.0,3.0,0.0,0.0,3
310,1,0.0,0.0,1.0,0.0,0.0,1
311,1,0.0,0.0,1.0,0.0,0.0,1
312,2,2.0,0.0,0.0,0.0,0.0,2
313,2,0.0,1.0,1.0,0.0,0.0,2
314,4,2.0,2.0,0.0,0.0,0.0,2
315,2,1.0,0.0,1.0,0.0,0.0,2
316,2,1.0,0.0,1.0,0.0,0.0,2
317,2,1.0,1.0,0.0,0.0,0.0,2
318,3,0.0,2.0,1.0,0.0,0.0,2
319,1,1.0,0.0,0.0,0.0,0.0,1
320,2,0.0,0.0,1.0,1.0,0.0,2
321,3,1.0,1.0,1.0,0.0,0.0,2
322,1,1.0,0.0,0.0,0.0,0.0,1
323,2,1.0,0.0,1.0,0.0,0.0,2
324,3,2.0,1.0,0.0,0.0,0.0,3
325,2,1.0,0.0,1.0,0.0,0.0,2
326,3,0.0,2.0,1.0,0.0,0.0,2
327,2,1.0,0.0,1.0,0.0,0.0,2
328,5,3.0,1.0,1.0,0.0,0.0,5
329,4,3.0,1.0,0.0,0.0,0.0,3
330,3,2.0,0.0,1.0,0.0,0.0,3
331,3,1.0,2.0,0.0,0.0,0.0,1
332,4,2.0,1.0,1.0,0.0,0.0,4
333,1,1.0,0.0,0.0,0.0,0.0,1
334,3,2.0,0.0,1.0,0.0,0.0,3
335,3,1.0,1.0,1.0,0.0,0.0,3
336,1,1.0,0.0,0.0,0.0,0.0,1
337,1,0.0,1.0,0.0,0.0,0.0,1
338,4,1.0,1.0,2.0,0.0,0.0,4
339,3,1.0,0.0,2.0,0.0,0.0,2
340,4,3.0,0.0,1.0,0.0,0.0,3
341,2,2.0,0.0,0.0,0.0,0.0,2
342,1,0.0,1.0,0.0,0.0,0.0,1
343,3,2.0,1.0,0.0,0.0,0.0,3
344,4,2.0,0.0,2.0,0.0,0.0,4
345,2,1.0,1.0,0.0,0.0,0.0,2
346,1,1.0,0.0,0.0,0.0,0.0,1
347,4,3.0,1.0,0.0,0.0,0.0,3
348,2,2.0,0.0,0.0,0.0,0.0,2
349,1,1.0,0.0,0.0,0.0,0.0,1
350,1,0.0,1.0,0.0,0.0,0.0,1
351,1,1.0,0.0,0.0,0.0,0.0,1
352,2,0.0,0.0,2.0,0.0,0.0,2
353,4,0.0,2.0,2.0,0.0,0.0,4
354,6,3.0,1.0,2.0,0.0,0.0,6
355,1,0.0,1.0,0.0,0.0,0.0,1
356,1,0.0,0.0,1.0,0.0,0.0,1
357,6,3.0,2.0,1.0,0.0,0.0,4
358,4,3.0,1.0,0.0,0.0,0.0,4
359,3,2.0,1.0,0.0,0.0,0.0,2
360,1,0.0,0.0,1.0,0.0,0.0,1
361,1,0.0,1.0,0.0,0.0,0.0,1
362,3,2.0,0.0,1.0,0.0,0.0,3
363,5,1.0,2.0,2.0,0.0,0.0,4
364,3,1.0,0.0,2.0,0.0,0.0,3
365,1,0.0,1.0,0.0,0.0,0.0,1
366,2,0.0,1.0,1.0,0.0,0.0,2
367,2,0.0,0.0,2.0,0.0,0.0,2
368,2,2.0,0.0,0.0,0.0,0.0,2
369,1,0.0,0.0,1.0,0.0,0.0,1
370,3,0.0,3.0,0.0,0.0,0.0,3
371,1,1.0,0.0,0.0,0.0,0.0,1
372,1,0.0,0.0,1.0,0.0,0.0,1
373,1,0.0,0.0,1.0,0.0,0.0,1
374,3,3.0,0.0,0.0,0.0,0.0,3
375,3,1.0,0.0,2.0,0.0,0.0,3
376,2,1.0,0.0,1.0,0.0,0.0,2
377,1,0.0,1.0,0.0,0.0,0.0,1
378,1,0.0,1.0,0.0,0.0,0.0,1
379,2,1.0,1.0,0.0,0.0,0.0,2
380,4,3.0,0.0,1.0,0.0,0.0,4
381,3,1.0,1.0,1.0,0.0,0.0,3
382,2,1.0,0.0,1.0,0.0,0.0,2
383,4,2.0,0.0,1.0,0.0,1.0,4
384,2,2.0,0.0,0.0,0.0,0.0,2
385,3,1.0,1.0,1.0,0.0,0.0,3
386,6,4.0,0.0,2.0,0.0,0.0,5
387,2,1.0,0.0,1.0,0.0,0.0,2
388,8,5.0,1.0,1.0,1.0,0.0,6
389,1,0.0,1.0,0.0,0.0,0.0,1
390,1,0.0,0.0,1.0,0.0,0.0,1
391,1,0.0,1.0,0.0,0.0,0.0,1
392,2,1.0,1.0,0.0,0.0,0.0,2
393,1,1.0,0.0,0.0,0.0,0.0,1
394,2,2.0,0.0,0.0,0.0,0.0,2
395,5,2.0,1.0,2.0,0.0,0.0,5
396,1,1.0,0.0,0.0,0.0,0.0,1
397,1,0.0,1.0,0.0,0.0,0.0,1
398,1,1.0,0.0,0.0,0.0,0.0,1
399,2,2.0,0.0,0.0,0.0,0.0,2
400,4,1.0,1.0,2.0,0.0,0.0,4
401,2,0.0,1.0,1.0,0.0,0.0,2
402,4,2.0,2.0,0.0,0.0,0.0,4
403,1,0.0,1.0,0.0,0.0,0.0,1
404,1,0.0,0.0,1.0,0.0,0.0,1
405,4,2.0,1.0,1.0,0.0,0.0,4
406,3,1.0,1.0,0.0,1.0,0.0,3
407,3,3.0,0.0,0.0,0.0,0.0,3
408,2,1.0,1.0,0.0,0.0,0.0,2
409,1,1.0,0.0,0.0,0.0,0.0,1
410,1,0.0,0.0,1.0,0.0,0.0,1
411,3,2.0,1.0,0.0,0.0,0.0,3
412,2,1.0,1.0,0.0,0.0,0.0,2
413,2,1.0,1.0,0.0,0.0,0.0,2
414,2,0.0,1.0,0.0,1.0,0.0,2
415,1,0.0,1.0,0.0,0.0,0.0,1
416,3,2.0,0.0,1.0,0.0,0.0,3
417,3,0.0,2.0,1.0,0.0,0.0,3
418,2,2.0,0.0,0.0,0.0,0.0,1
419,3,1.0,1.0,1.0,0.0,0.0,3
420,1,1.0,0.0,0.0,0.0,0.0,1
421,1,0.0,1.0,0.0,0.0,0.0,1
422,2,1.0,1.0,0.0,0.0,0.0,2
423,5,4.0,1.0,0.0,0.0,0.0,5
424,3,1.0,1.0,1.0,0.0,0.0,3
425,1,0.0,0.0,1.0,0.0,0.0,1
426,2,1.0,1.0,0.0,0.0,0.0,2
427,2,1.0,0.0,1.0,0.0,0.0,2
428,4,2.0,0.0,2.0,0.0,0.0,4
429,1,0.0,0.0,0.0,0.0,1.0,1
430,3,1.0,0.0,1.0,1.0,0.0,3
431,2,1.0,0.0,1.0,0.0,0.0,2
432,4,3.0,0.0,1.0,0.0,0.0,4
433,2,2.0,0.0,0.0,0.0,0.0,1
434,2,1.0,1.0,0.0,0.0,0.0,2
435,3,1.0,2.0,0.0,0.0,0.0,3
436,4,3.0,0.0,0.0,0.0,1.0,4
437,1,0.0,1.0,0.0,0.0,0.0,1
438,1,1.0,0.0,0.0,0.0,0.0,1
439,5,3.0,0.0,2.0,0.0,0.0,4
440,2,1.0,1.0,0.0,0.0,0.0,2
441,5,2.0,2.0,1.0,0.0,0.0,4
442,3,3.0,0.0,0.0,0.0,0.0,2
443,1,0.0,1.0,0.0,0.0,0.0,1
444,2,1.0,1.0,0.0,0.0,0.0,1
445,3,1.0,2.0,0.0,0.0,0.0,3
446,7,5.0,1.0,1.0,0.0,0.0,7
447,3,2.0,1.0,0.0,0.0,0.0,3
448,4,0.0,4.0,0.0,0.0,0.0,4
449,3,1.0,1.0,1.0,0.0,0.0,3
450,3,2.0,1.0,0.0,0.0,0.0,2
451,2,1.0,1.0,0.0,0.0,0.0,2
452,2,1.0,1.0,0.0,0.0,0.0,2
453,1,0.0,0.0,1.0,0.0,0.0,1
454,1,0.0,0.0,1.0,0.0,0.0,1
455,4,3.0,1.0,0.0,0.0,0.0,4
456,2,0.0,1.0,1.0,0.0,0.0,2
457,4,1.0,2.0,1.0,0.0,0.0,3
458,2,1.0,0.0,1.0,0.0,0.0,2
459,2,1.0,1.0,0.0,0.0,0.0,2
460,3,3.0,0.0,0.0,0.0,0.0,3
461,4,2.0,2.0,0.0,0.0,0.0,4
462,1,0.0,0.0,1.0,0.0,0.0,1
463,3,2.0,1.0,0.0,0.0,0.0,3
464,2,2.0,0.0,0.0,0.0,0.0,2
465,1,1.0,0.0,0.0,0.0,0.0,1
466,3,2.0,0.0,1.0,0.0,0.0,3
467,6,4.0,1.0,1.0,0.0,0.0,6
468,1,0.0,1.0,0.0,0.0,0.0,1
469,2,1.0,1.0,0.0,0.0,0.0,2
470,2,1.0,1.0,0.0,0.0,0.0,1
471,2,2.0,0.0,0.0,0.0,0.0,2
472,1,1.0,0.0,0.0,0.0,0.0,1
473,2,1.0,1.0,0.0,0.0,0.0,2
474,4,1.0,2.0,1.0,0.0,0.0,4
475,2,2.0,0.0,0.0,0.0,0.0,2
476,2,1.0,1.0,0.0,0.0,0.0,2
477,4,4.0,0.0,0.0,0.0,0.0,4
478,1,1.0,0.0,0.0,0.0,0.0,1
479,5,4.0,1.0,0.0,0.0,0.0,4
480,6,3.0,3.0,0.0,0.0,0.0,5
481,3,3.0,0.0,0.0,0.0,0.0,3
482,9,3.0,3.0,3.0,0.0,0.0,7
483,4,0.0,3.0,1.0,0.0,0.0,4
484,1,1.0,0.0,0.0,0.0,0.0,1
485,2,1.0,0.0,1.0,0.0,0.0,2
486,3,2.0,0.0,1.0,0.0,0.0,3
487,6,1.0,2.0,3.0,0.0,0.0,6
488,6,3.0,2.0,1.0,0.0,0.0,5
489,3,1.0,1.0,1.0,0.0,0.0,3
490,2,2.0,0.0,0.0,0.0,0.0,2
491,2,1.0,0.0,1.0,0.0,0.0,2
492,3,2.0,0.0,1.0,0.0,0.0,3
493,3,3.0,0.0,0.0,0.0,0.0,3
494,4,2.0,0.0,2.0,0.0,0.0,4
495,3,2.0,0.0,1.0,0.0,0.0,3
496,2,0.0,2.0,0.0,0.0,0.0,2
497,2,0.0,1.0,1.0,0.0,0.0,2
498,4,3.0,0.0,1.0,0.0,0.0,3
499,5,4.0,0.0,1.0,0.0,0.0,5
500,3,1.0,2.0,0.0,0.0,0.0,3
501,6,3.0,0.0,3.0,0.0,0.0,6
502,3,1.0,1.0,1.0,0.0,0.0,3
503,1,0.0,0.0,1.0,0.0,0.0,1
504,1,1.0,0.0,0.0,0.0,0.0,1
505,10,5.0,3.0,2.0,0.0,0.0,8
506,7,2.0,3.0,2.0,0.0,0.0,7
507,2,0.0,0.0,2.0,0.0,0.0,2
508,5,3.0,1.0,1.0,0.0,0.0,4
509,14,0.0,11.0,3.0,0.0,0.0,13
510,3,0.0,3.0,0.0,0.0,0.0,3
511,8,0.0,7.0,1.0,0.0,0.0,6
512,10,0.0,9.0,1.0,0.0,0.0,10
513,5,0.0,5.0,0.0,0.0,0.0,4
514,2,1.0,1.0,0.0,0.0,0.0,2
515,3,1.0,1.0,1.0,0.0,0.0,3
516,2,2.0,0.0,0.0,0.0,0.0,2
517,1,0.0,1.0,0.0,0.0,0.0,1
518,2,2.0,0.0,0.0,0.0,0.0,2
519,4,2.0,0.0,2.0,0.0,0.0,4
520,7,2.0,4.0,1.0,0.0,0.0,6
521,3,2.0,0.0,1.0,0.0,0.0,3
522,1,0.0,1.0,0.0,0.0,0.0,1
523,2,2.0,0.0,0.0,0.0,0.0,2
524,3,2.0,1.0,0.0,0.0,0.0,2
525,2,2.0,0.0,0.0,0.0,0.0,2
526,8,3.0,2.0,3.0,0.0,0.0,7
527,8,1.0,4.0,3.0,0.0,0.0,8
528,6,1.0,3.0,2.0,0.0,0.0,5
529,13,2.0,7.0,4.0,0.0,0.0,11
530,8,1.0,4.0,3.0,0.0,0.0,8
531,2,0.0,2.0,0.0,0.0,0.0,2
532,6,1.0,2.0,2.0,1.0,0.0,4
533,7,0.0,4.0,3.0,0.0,0.0,6
534,5,1.0,3.0,1.0,0.0,0.0,5
535,11,1.0,9.0,1.0,0.0,0.0,10
536,9,3.0,6.0,0.0,0.0,0.0,5
537,1,0.0,1.0,0.0,0.0,0.0,1
538,1,1.0,0.0,0.0,0.0,0.0,1
539,3,1.0,1.0,1.0,0.0,0.0,3
540,1,0.0,1.0,0.0,0.0,0.0,1
541,2,1.0,1.0,0.0,0.0,0.0,2
542,4,2.0,0.0,2.0,0.0,0.0,3
543,2,2.0,0.0,0.0,0.0,0.0,2
544,1,1.0,0.0,0.0,0.0,0.0,1
545,5,3.0,1.0,0.0,1.0,0.0,5
546,3,2.0,1.0,0.0,0.0,0.0,3
547,3,0.0,2.0,1.0,0.0,0.0,2
548,2,1.0,1.0,0.0,0.0,0.0,2
549,6,3.0,3.0,0.0,0.0,0.0,6
550,11,3.0,4.0,4.0,0.0,0.0,7
551,2,1.0,1.0,0.0,0.0,0.0,2
552,1,1.0,0.0,0.0,0.0,0.0,1
553,2,1.0,1.0,0.0,0.0,0.0,2
554,4,2.0,1.0,1.0,0.0,0.0,4
555,3,1.0,2.0,0.0,0.0,0.0,3
556,2,0.0,2.0,0.0,0.0,0.0,2
557,3,1.0,2.0,0.0,0.0,0.0,3
558,2,2.0,0.0,0.0,0.0,0.0,2
559,2,0.0,0.0,2.0,0.0,0.0,2
560,2,1.0,1.0,0.0,0.0,0.0,2
561,4,3.0,1.0,0.0,0.0,0.0,4
562,4,1.0,1.0,2.0,0.0,0.0,4
563,9,2.0,5.0,2.0,0.0,0.0,5
564,4,3.0,1.0,0.0,0.0,0.0,4
565,1,0.0,1.0,0.0,0.0,0.0,1
566,3,2.0,1.0,0.0,0.0,0.0,3
567,5,0.0,2.0,3.0,0.0,0.0,5
568,7,2.0,3.0,2.0,0.0,0.0,7
569,2,0.0,2.0,0.0,0.0,0.0,2
570,8,4.0,3.0,1.0,0.0,0.0,8
571,4,3.0,1.0,0.0,0.0,0.0,3
572,4,1.0,3.0,0.0,0.0,0.0,4
573,4,1.0,1.0,2.0,0.0,0.0,4
574,7,2.0,3.0,2.0,0.0,0.0,6
575,6,2.0,0.0,4.0,0.0,0.0,5
576,10,3.0,5.0,2.0,0.0,0.0,10
577,5,1.0,1.0,3.0,0.0,0.0,4
578,8,3.0,3.0,2.0,0.0,0.0,8
579,1,1.0,0.0,0.0,0.0,0.0,1
580,5,4.0,1.0,0.0,0.0,0.0,5
581,1,1.0,0.0,0.0,0.0,0.0,1
582,7,1.0,3.0,3.0,0.0,0.0,7
583,6,5.0,1.0,0.0,0.0,0.0,6
584,8,1.0,6.0,1.0,0.0,0.0,8
585,11,2.0,8.0,1.0,0.0,0.0,10
586,8,2.0,5.0,1.0,0.0,0.0,8
587,14,4.0,4.0,6.0,0.0,0.0,12
588,23,6.0,11.0,6.0,0.0,0.0,22
589,4,1.0,0.0,3.0,0.0,0.0,3
590,2,2.0,0.0,0.0,0.0,0.0,2
591,7,3.0,2.0,2.0,0.0,0.0,7
592,2,2.0,0.0,0.0,0.0,0.0,2
593,2,0.0,2.0,0.0,0.0,0.0,2
594,5,3.0,2.0,0.0,0.0,0.0,5
595,5,3.0,1.0,1.0,0.0,0.0,5
596,7,3.0,3.0,1.0,0.0,0.0,6
597,5,2.0,2.0,1.0,0.0,0.0,4
598,7,2.0,5.0,0.0,0.0,0.0,7
599,1,1.0,0.0,0.0,0.0,0.0,1
600,3,1.0,2.0,0.0,0.0,0.0,3
601,6,2.0,3.0,1.0,0.0,0.0,6
602,10,4.0,3.0,2.0,1.0,0.0,8
603,5,3.0,1.0,1.0,0.0,0.0,5
604,7,6.0,0.0,1.0,0.0,0.0,7
605,2,1.0,0.0,1.0,0.0,0.0,2
606,5,2.0,2.0,1.0,0.0,0.0,3
607,1,1.0,0.0,0.0,0.0,0.0,1
608,5,2.0,3.0,0.0,0.0,0.0,5
609,10,6.0,2.0,2.0,0.0,0.0,10
610,6,2.0,2.0,1.0,1.0,0.0,6
611,9,4.0,2.0,3.0,0.0,0.0,7
612,10,3.0,5.0,2.0,0.0,0.0,10
613,2,2.0,0.0,0.0,0.0,0.0,2
614,7,4.0,2.0,1.0,0.0,0.0,7
615,3,1.0,1.0,1.0,0.0,0.0,2
616,5,2.0,1.0,2.0,0.0,0.0,5
617,17,5.0,7.0,5.0,0.0,0.0,12
618,9,0.0,7.0,2.0,0.0,0.0,8
619,11,4.0,5.0,2.0,0.0,0.0,9
620,8,3.0,4.0,1.0,0.0,0.0,8
621,11,3.0,6.0,2.0,0.0,0.0,9
622,20,3.0,11.0,6.0,0.0,0.0,15
623,26,5.0,19.0,2.0,0.0,0.0,24
624,26,8.0,16.0,1.0,0.0,1.0,24
625,28,7.0,15.0,6.0,0.0,0.0,23
626,35,9.0,20.0,5.0,1.0,0.0,32
627,35,14.0,18.0,3.0,0.0,0.0,32
628,3,2.0,1.0,0.0,0.0,0.0,3
629,4,2.0,1.0,1.0,0.0,0.0,4
630,4,2.0,2.0,0.0,0.0,0.0,3
631,3,2.0,1.0,0.0,0.0,0.0,3
632,4,2.0,1.0,1.0,0.0,0.0,4
633,3,1.0,1.0,1.0,0.0,0.0,3
634,5,3.0,2.0,0.0,0.0,0.0,5
635,1,0.0,1.0,0.0,0.0,0.0,1
636,1,1.0,0.0,0.0,0.0,0.0,1
637,4,2.0,0.0,2.0,0.0,0.0,4
638,6,2.0,2.0,2.0,0.0,0.0,6
639,10,3.0,1.0,5.0,0.0,1.0,8
640,5,3.0,1.0,1.0,0.0,0.0,5
641,2,0.0,1.0,1.0,0.0,0.0,2
642,2,1.0,1.0,0.0,0.0,0.0,1
643,10,2.0,8.0,0.0,0.0,0.0,6
644,8,3.0,3.0,2.0,0.0,0.0,7
645,1,0.0,0.0,1.0,0.0,0.0,1
646,3,0.0,1.0,2.0,0.0,0.0,3
647,1,1.0,0.0,0.0,0.0,0.0,1
648,5,1.0,2.0,2.0,0.0,0.0,4
649,4,2.0,2.0,0.0,0.0,0.0,4
650,10,2.0,6.0,2.0,0.0,0.0,9
651,4,2.0,2.0,0.0,0.0,0.0,4
652,6,2.0,3.0,1.0,0.0,0.0,5
653,2,1.0,0.0,1.0,0.0,0.0,2
654,6,4.0,1.0,1.0,0.0,0.0,6
655,4,0.0,1.0,3.0,0.0,0.0,4
656,5,4.0,1.0,0.0,0.0,0.0,5
657,6,2.0,4.0,0.0,0.0,0.0,6
658,5,3.0,2.0,0.0,0.0,0.0,4
659,3,1.0,1.0,1.0,0.0,0.0,3
660,2,0.0,1.0,1.0,0.0,0.0,2
661,7,4.0,2.0,1.0,0.0,0.0,7
662,4,1.0,1.0,2.0,0.0,0.0,4
663,3,2.0,0.0,1.0,0.0,0.0,3
664,7,3.0,1.0,3.0,0.0,0.0,7
665,6,1.0,2.0,3.0,0.0,0.0,5
666,6,2.0,3.0,1.0,0.0,0.0,3
667,4,2.0,0.0,2.0,0.0,0.0,4
668,5,0.0,4.0,1.0,0.0,0.0,4
669,8,3.0,4.0,1.0,0.0,0.0,5
670,7,2.0,2.0,3.0,0.0,0.0,7
671,9,2.0,4.0,3.0,0.0,0.0,7
672,6,2.0,3.0,1.0,0.0,0.0,5
673,3,1.0,2.0,0.0,0.0,0.0,3
674,3,2.0,0.0,1.0,0.0,0.0,3
675,6,2.0,3.0,1.0,0.0,0.0,6
676,9,5.0,3.0,1.0,0.0,0.0,8
677,4,1.0,3.0,0.0,0.0,0.0,4
678,4,1.0,3.0,0.0,0.0,0.0,3
679,5,1.0,2.0,2.0,0.0,0.0,5
680,5,4.0,0.0,1.0,0.0,0.0,5
681,1,0.0,0.0,1.0,0.0,0.0,1
682,4,3.0,1.0,0.0,0.0,0.0,4
683,5,2.0,2.0,1.0,0.0,0.0,5
684,6,4.0,0.0,2.0,0.0,0.0,5
685,8,4.0,3.0,1.0,0.0,0.0,7
686,4,3.0,1.0,0.0,0.0,0.0,3
687,2,1.0,1.0,0.0,0.0,0.0,2
688,5,4.0,0.0,1.0,0.0,0.0,5
689,15,3.0,8.0,4.0,0.0,0.0,7
690,4,2.0,2.0,0.0,0.0,0.0,4
691,5,1.0,2.0,2.0,0.0,0.0,5
692,4,3.0,0.0,1.0,0.0,0.0,4
693,3,0.0,1.0,2.0,0.0,0.0,2
694,4,1.0,1.0,2.0,0.0,0.0,3
695,7,2.0,2.0,3.0,0.0,0.0,5
696,6,2.0,1.0,3.0,0.0,0.0,5
697,9,2.0,5.0,2.0,0.0,0.0,9
698,6,2.0,3.0,1.0,0.0,0.0,5
699,4,2.0,2.0,0.0,0.0,0.0,4
700,1,0.0,1.0,0.0,0.0,0.0,1
701,2,2.0,0.0,0.0,0.0,0.0,2
702,6,5.0,1.0,0.0,0.0,0.0,6
703,5,4.0,0.0,1.0,0.0,0.0,5
704,3,1.0,1.0,1.0,0.0,0.0,3
705,7,0.0,4.0,3.0,0.0,0.0,6
706,6,0.0,4.0,2.0,0.0,0.0,4
707,2,1.0,0.0,1.0,0.0,0.0,2
708,3,1.0,2.0,0.0,0.0,0.0,3
709,4,1.0,3.0,0.0,0.0,0.0,3
710,12,2.0,7.0,3.0,0.0,0.0,11
711,4,2.0,2.0,0.0,0.0,0.0,4
712,4,1.0,2.0,1.0,0.0,0.0,4
713,3,0.0,0.0,3.0,0.0,0.0,3
714,3,0.0,3.0,0.0,0.0,0.0,3
715,4,1.0,2.0,1.0,0.0,0.0,4
716,9,4.0,3.0,2.0,0.0,0.0,9
717,9,4.0,1.0,4.0,0.0,0.0,9
718,5,1.0,2.0,2.0,0.0,0.0,5
719,4,1.0,3.0,0.0,0.0,0.0,4
720,2,0.0,2.0,0.0,0.0,0.0,2
721,4,0.0,0.0,4.0,0.0,0.0,2
722,8,3.0,3.0,2.0,0.0,0.0,8
723,4,1.0,3.0,0.0,0.0,0.0,4
724,6,3.0,3.0,0.0,0.0,0.0,6
725,8,1.0,4.0,3.0,0.0,0.0,5
726,6,2.0,3.0,1.0,0.0,0.0,5
727,3,1.0,2.0,0.0,0.0,0.0,3
728,3,1.0,2.0,0.0,0.0,0.0,3
729,7,0.0,5.0,2.0,0.0,0.0,6
730,5,1.0,2.0,2.0,0.0,0.0,4
731,4,1.0,2.0,1.0,0.0,0.0,4
732,7,0.0,4.0,3.0,0.0,0.0,5
733,9,7.0,2.0,0.0,0.0,0.0,9
734,8,1.0,0.0,2.0,5.0,0.0,3
735,6,3.0,2.0,1.0,0.0,0.0,5
736,2,2.0,0.0,0.0,0.0,0.0,2
737,4,1.0,3.0,0.0,0.0,0.0,4
738,4,2.0,0.0,2.0,0.0,0.0,4
739,3,1.0,2.0,0.0,0.0,0.0,3
740,1,0.0,1.0,0.0,0.0,0.0,1
741,1,0.0,1.0,0.0,0.0,0.0,1
742,2,0.0,2.0,0.0,0.0,0.0,1
743,3,3.0,0.0,0.0,0.0,0.0,2
744,6,0.0,2.0,4.0,0.0,0.0,6
745,7,0.0,5.0,2.0,0.0,0.0,7
746,13,5.0,3.0,5.0,0.0,0.0,12
747,7,3.0,0.0,4.0,0.0,0.0,7
748,1,0.0,1.0,0.0,0.0,0.0,1
749,2,1.0,1.0,0.0,0.0,0.0,2
750,5,3.0,1.0,1.0,0.0,0.0,5
751,9,3.0,3.0,3.0,0.0,0.0,9
752,6,3.0,0.0,3.0,0.0,0.0,6
753,9,2.0,5.0,2.0,0.0,0.0,9
754,5,3.0,2.0,0.0,0.0,0.0,4
755,2,0.0,1.0,1.0,0.0,0.0,2
756,2,0.0,1.0,1.0,0.0,0.0,2
757,3,0.0,1.0,2.0,0.0,0.0,3
758,3,0.0,1.0,2.0,0.0,0.0,3
759,4,1.0,3.0,0.0,0.0,0.0,4
760,6,1.0,5.0,0.0,0.0,0.0,6
761,2,0.0,1.0,1.0,0.0,0.0,2
762,2,1.0,0.0,1.0,0.0,0.0,2
763,3,0.0,1.0,2.0,0.0,0.0,2
764,10,3.0,5.0,2.0,0.0,0.0,9
765,10,3.0,4.0,2.0,1.0,0.0,8
766,10,2.0,7.0,1.0,0.0,0.0,9
767,6,2.0,3.0,1.0,0.0,0.0,6
768,1,0.0,0.0,1.0,0.0,0.0,1
769,3,1.0,0.0,1.0,0.0,1.0,3
770,5,1.0,3.0,1.0,0.0,0.0,5
771,8,1.0,4.0,3.0,0.0,0.0,7
772,5,3.0,2.0,0.0,0.0,0.0,5
773,5,2.0,1.0,2.0,0.0,0.0,5
774,5,1.0,1.0,3.0,0.0,0.0,5
775,1,0.0,1.0,0.0,0.0,0.0,1
776,4,2.0,2.0,0.0,0.0,0.0,4
777,4,0.0,1.0,3.0,0.0,0.0,4
778,5,3.0,2.0,0.0,0.0,0.0,4
779,13,2.0,5.0,6.0,0.0,0.0,11
780,13,4.0,5.0,4.0,0.0,0.0,12
781,5,1.0,3.0,0.0,1.0,0.0,5
782,1,0.0,1.0,0.0,0.0,0.0,1
783,2,1.0,1.0,0.0,0.0,0.0,2
784,1,0.0,0.0,1.0,0.0,0.0,1
785,13,1.0,10.0,2.0,0.0,0.0,12
786,9,2.0,6.0,1.0,0.0,0.0,7
787,5,1.0,2.0,2.0,0.0,0.0,5
788,4,2.0,2.0,0.0,0.0,0.0,4
789,2,0.0,2.0,0.0,0.0,0.0,2
790,4,1.0,2.0,1.0,0.0,0.0,4
791,14,3.0,8.0,3.0,0.0,0.0,11
792,7,4.0,3.0,0.0,0.0,0.0,7
793,4,1.0,2.0,1.0,0.0,0.0,3
794,10,5.0,2.0,3.0,0.0,0.0,10
795,4,2.0,0.0,2.0,0.0,0.0,3
796,5,3.0,2.0,0.0,0.0,0.0,4
797,2,0.0,0.0,2.0,0.0,0.0,2
798,11,1.0,9.0,1.0,0.0,0.0,9
799,4,1.0,3.0,0.0,0.0,0.0,4
800,8,4.0,2.0,2.0,0.0,0.0,7
801,11,6.0,3.0,2.0,0.0,0.0,11
802,11,1.0,5.0,5.0,0.0,0.0,8
803,3,1.0,2.0,0.0,0.0,0.0,3
804,2,0.0,2.0,0.0,0.0,0.0,2
805,3,0.0,2.0,1.0,0.0,0.0,3
806,7,3.0,3.0,1.0,0.0,0.0,7
807,5,1.0,3.0,1.0,0.0,0.0,5
808,11,0.0,6.0,5.0,0.0,0.0,8
809,11,3.0,4.0,4.0,0.0,0.0,8
810,1,1.0,0.0,0.0,0.0,0.0,1
811,3,1.0,2.0,0.0,0.0,0.0,3
812,6,2.0,4.0,0.0,0.0,0.0,6
813,9,2.0,4.0,3.0,0.0,0.0,9
814,10,4.0,3.0,3.0,0.0,0.0,10
815,9,3.0,5.0,1.0,0.0,0.0,7
816,9,5.0,4.0,0.0,0.0,0.0,9
817,5,3.0,1.0,1.0,0.0,0.0,4
818,6,2.0,3.0,1.0,0.0,0.0,5
819,4,2.0,2.0,0.0,0.0,0.0,4
820,10,1.0,6.0,3.0,0.0,0.0,8
821,3,1.0,1.0,1.0,0.0,0.0,3
822,6,3.0,3.0,0.0,0.0,0.0,4
823,5,4.0,1.0,0.0,0.0,0.0,5
824,3,0.0,2.0,1.0,0.0,0.0,3
825,5,3.0,2.0,0.0,0.0,0.0,4
826,10,2.0,5.0,3.0,0.0,0.0,10
827,12,2.0,7.0,3.0,0.0,0.0,5
828,4,1.0,3.0,0.0,0.0,0.0,3
829,3,0.0,3.0,0.0,0.0,0.0,3
830,8,4.0,3.0,1.0,0.0,0.0,8
831,1,0.0,0.0,1.0,0.0,0.0,1
832,4,2.0,1.0,1.0,0.0,0.0,4
833,7,2.0,4.0,1.0,0.0,0.0,6
834,1,0.0,1.0,0.0,0.0,0.0,1
835,1,1.0,0.0,0.0,0.0,0.0,1
836,11,2.0,3.0,6.0,0.0,0.0,11
837,3,1.0,2.0,0.0,0.0,0.0,3
838,1,1.0,0.0,0.0,0.0,0.0,1
839,1,1.0,0.0,0.0,0.0,0.0,1
840,11,3.0,5.0,3.0,0.0,0.0,10
841,9,4.0,4.0,1.0,0.0,0.0,9
842,5,1.0,3.0,1.0,0.0,0.0,5
843,5,1.0,3.0,1.0,0.0,0.0,4
844,6,3.0,3.0,0.0,0.0,0.0,3
845,1,1.0,0.0,0.0,0.0,0.0,1
846,6,2.0,1.0,3.0,0.0,0.0,4
847,2,0.0,1.0,1.0,0.0,0.0,2
848,9,6.0,2.0,1.0,0.0,0.0,9
849,12,3.0,6.0,3.0,0.0,0.0,10
850,9,3.0,5.0,1.0,0.0,0.0,9
851,6,1.0,3.0,2.0,0.0,0.0,6
852,3,1.0,2.0,0.0,0.0,0.0,1
853,5,2.0,1.0,2.0,0.0,0.0,4
854,4,1.0,3.0,0.0,0.0,0.0,4
855,9,3.0,3.0,3.0,0.0,0.0,9
856,8,3.0,3.0,2.0,0.0,0.0,7
857,6,1.0,4.0,1.0,0.0,0.0,6
858,2,0.0,0.0,2.0,0.0,0.0,2
859,1,1.0,0.0,0.0,0.0,0.0,1
860,4,1.0,3.0,0.0,0.0,0.0,3
861,7,0.0,6.0,1.0,0.0,0.0,7
862,9,4.0,5.0,0.0,0.0,0.0,8
863,7,3.0,2.0,2.0,0.0,0.0,6
864,9,2.0,5.0,2.0,0.0,0.0,7
865,8,0.0,7.0,1.0,0.0,0.0,8
866,8,0.0,4.0,4.0,0.0,0.0,6
867,3,1.0,2.0,0.0,0.0,0.0,3
868,20,0.0,12.0,8.0,0.0,0.0,13
869,21,0.0,18.0,3.0,0.0,0.0,18
870,8,2.0,3.0,3.0,0.0,0.0,6
871,4,1.0,3.0,0.0,0.0,0.0,4
872,11,4.0,5.0,2.0,0.0,0.0,11
873,1,1.0,0.0,0.0,0.0,0.0,1
874,6,2.0,4.0,0.0,0.0,0.0,5
875,11,2.0,5.0,4.0,0.0,0.0,8
876,5,4.0,0.0,1.0,0.0,0.0,5
877,4,2.0,1.0,1.0,0.0,0.0,3
878,8,1.0,4.0,3.0,0.0,0.0,7
879,4,3.0,1.0,0.0,0.0,0.0,4
880,5,1.0,3.0,1.0,0.0,0.0,5
881,10,6.0,1.0,2.0,1.0,0.0,10
882,7,1.0,5.0,1.0,0.0,0.0,6
883,6,2.0,4.0,0.0,0.0,0.0,6
884,37,6.0,26.0,4.0,1.0,0.0,29
885,10,1.0,7.0,2.0,0.0,0.0,10
886,7,2.0,4.0,1.0,0.0,0.0,3
887,17,3.0,8.0,6.0,0.0,0.0,11
888,15,0.0,8.0,6.0,1.0,0.0,11
889,17,6.0,7.0,4.0,0.0,0.0,15
890,13,4.0,7.0,2.0,0.0,0.0,11
891,18,2.0,9.0,7.0,0.0,0.0,12
892,3,2.0,1.0,0.0,0.0,0.0,3
893,5,3.0,1.0,0.0,0.0,1.0,3
894,1,1.0,0.0,0.0,0.0,0.0,1
895,5,1.0,4.0,0.0,0.0,0.0,5
896,6,2.0,4.0,0.0,0.0,0.0,4
897,2,0.0,2.0,0.0,0.0,0.0,2
898,1,1.0,0.0,0.0,0.0,0.0,1
899,3,0.0,3.0,0.0,0.0,0.0,2
900,1,1.0,0.0,0.0,0.0,0.0,1
901,3,1.0,2.0,0.0,0.0,0.0,3
902,10,4.0,3.0,3.0,0.0,0.0,9
903,7,4.0,3.0,0.0,0.0,0.0,7
904,4,2.0,1.0,1.0,0.0,0.0,4
905,6,2.0,2.0,1.0,0.0,1.0,5
906,4,1.0,2.0,1.0,0.0,0.0,3
907,3,0.0,2.0,1.0,0.0,0.0,3
908,8,6.0,2.0,0.0,0.0,0.0,8
909,12,4.0,8.0,0.0,0.0,0.0,12
910,6,1.0,5.0,0.0,0.0,0.0,6
911,9,2.0,4.0,2.0,1.0,0.0,9
912,10,2.0,5.0,3.0,0.0,0.0,6
913,6,4.0,1.0,1.0,0.0,0.0,5
914,5,2.0,3.0,0.0,0.0,0.0,4
915,7,2.0,4.0,1.0,0.0,0.0,7
916,5,2.0,3.0,0.0,0.0,0.0,5
917,6,4.0,1.0,1.0,0.0,0.0,6
918,11,3.0,8.0,0.0,0.0,0.0,11
919,3,1.0,2.0,0.0,0.0,0.0,3
920,3,1.0,1.0,1.0,0.0,0.0,3
921,4,2.0,2.0,0.0,0.0,0.0,4
922,7,1.0,5.0,1.0,0.0,0.0,7
923,7,1.0,5.0,1.0,0.0,0.0,7
924,2,0.0,2.0,0.0,0.0,0.0,2
925,10,3.0,4.0,3.0,0.0,0.0,10
926,3,0.0,0.0,3.0,0.0,0.0,3
927,4,3.0,1.0,0.0,0.0,0.0,3
928,12,7.0,5.0,0.0,0.0,0.0,11
929,8,2.0,5.0,1.0,0.0,0.0,7
930,8,2.0,6.0,0.0,0.0,0.0,8
931,14,10.0,3.0,1.0,0.0,0.0,14
932,6,0.0,5.0,1.0,0.0,0.0,6
933,6,3.0,3.0,0.0,0.0,0.0,6
934,6,3.0,3.0,0.0,0.0,0.0,6
935,13,2.0,7.0,4.0,0.0,0.0,11
936,10,4.0,3.0,3.0,0.0,0.0,9
937,510,4.0,4.0,502.0,0.0,0.0,9
938,17,7.0,7.0,3.0,0.0,0.0,16
939,12,3.0,5.0,4.0,0.0,0.0,12
940,10,2.0,5.0,3.0,0.0,0.0,8
941,9,5.0,3.0,0.0,0.0,1.0,9
942,28,6.0,12.0,10.0,0.0,0.0,22
943,20,7.0,11.0,2.0,0.0,0.0,20
944,4,2.0,2.0,0.0,0.0,0.0,4
945,7,3.0,2.0,2.0,0.0,0.0,7
946,12,7.0,5.0,0.0,0.0,0.0,11
947,3,1.0,2.0,0.0,0.0,0.0,3
948,7,1.0,5.0,1.0,0.0,0.0,6
949,11,4.0,5.0,2.0,0.0,0.0,8
950,11,3.0,8.0,0.0,0.0,0.0,10
951,9,3.0,3.0,3.0,0.0,0.0,7
952,12,7.0,3.0,2.0,0.0,0.0,12
953,9,5.0,2.0,2.0,0.0,0.0,7
954,1,1.0,0.0,0.0,0.0,0.0,1
955,13,4.0,8.0,1.0,0.0,0.0,10
956,10,5.0,2.0,2.0,1.0,0.0,10
957,11,4.0,6.0,1.0,0.0,0.0,11
958,8,4.0,2.0,2.0,0.0,0.0,6
959,9,4.0,3.0,2.0,0.0,0.0,8
960,20,4.0,10.0,3.0,1.0,2.0,17
961,19,8.0,9.0,2.0,0.0,0.0,15
962,34,14.0,20.0,0.0,0.0,0.0,31
963,54,9.0,37.0,7.0,0.0,1.0,43
964,60,16.0,31.0,13.0,0.0,0.0,46
965,65,15.0,39.0,11.0,0.0,0.0,57
966,49,12.0,32.0,5.0,0.0,0.0,43
967,33,18.0,12.0,3.0,0.0,0.0,29
968,6,3.0,3.0,0.0,0.0,0.0,6
969,6,3.0,3.0,0.0,0.0,0.0,6
970,12,6.0,5.0,1.0,0.0,0.0,11
971,5,1.0,3.0,0.0,0.0,1.0,5
972,7,2.0,3.0,2.0,0.0,0.0,7
973,7,1.0,5.0,1.0,0.0,0.0,7
974,5,2.0,3.0,0.0,0.0,0.0,3
975,6,4.0,2.0,0.0,0.0,0.0,6
976,3,1.0,1.0,1.0,0.0,0.0,3
977,7,2.0,4.0,1.0,0.0,0.0,7
978,35,6.0,28.0,1.0,0.0,0.0,11
979,5,2.0,2.0,1.0,0.0,0.0,5
980,12,6.0,4.0,2.0,0.0,0.0,11
981,9,3.0,6.0,0.0,0.0,0.0,9
982,4,3.0,1.0,0.0,0.0,0.0,4
983,8,4.0,2.0,2.0,0.0,0.0,6
984,8,2.0,4.0,2.0,0.0,0.0,6
985,7,3.0,3.0,1.0,0.0,0.0,7
986,19,6.0,13.0,0.0,0.0,0.0,14
987,5,1.0,3.0,1.0,0.0,0.0,5
988,6,2.0,3.0,0.0,0.0,1.0,6
989,6,4.0,1.0,1.0,0.0,0.0,5
990,2,2.0,0.0,0.0,0.0,0.0,2
991,5,2.0,3.0,0.0,0.0,0.0,5
992,9,5.0,2.0,2.0,0.0,0.0,9
993,4,3.0,1.0,0.0,0.0,0.0,4
994,12,7.0,4.0,1.0,0.0,0.0,11
995,1,0.0,1.0,0.0,0.0,0.0,1
996,4,2.0,2.0,0.0,0.0,0.0,3
997,6,3.0,2.0,1.0,0.0,0.0,5
998,9,3.0,3.0,3.0,0.0,0.0,8
999,10,6.0,0.0,4.0,0.0,0.0,10
1000,6,4.0,2.0,0.0,0.0,0.0,6
1001,8,3.0,3.0,2.0,0.0,0.0,7
1002,11,2.0,6.0,3.0,0.0,0.0,9
1003,4,1.0,3.0,0.0,0.0,0.0,4
1004,9,2.0,4.0,3.0,0.0,0.0,9
1005,11,6.0,3.0,2.0,0.0,0.0,11
1006,10,5.0,3.0,2.0,0.0,0.0,9
1007,2,0.0,2.0,0.0,0.0,0.0,2
1008,9,5.0,2.0,1.0,0.0,1.0,9
1009,7,4.0,2.0,1.0,0.0,0.0,6
1010,3,2.0,1.0,0.0,0.0,0.0,3
1011,4,2.0,1.0,1.0,0.0,0.0,4
1012,10,3.0,6.0,1.0,0.0,0.0,8
1013,11,5.0,4.0,2.0,0.0,0.0,10
1014,10,5.0,5.0,0.0,0.0,0.0,8
1015,15,7.0,7.0,1.0,0.0,0.0,14
1016,8,2.0,4.0,2.0,0.0,0.0,8
1017,6,0.0,3.0,2.0,1.0,0.0,6
1018,3,0.0,3.0,0.0,0.0,0.0,2
1019,8,2.0,6.0,0.0,0.0,0.0,8
1020,8,2.0,6.0,0.0,0.0,0.0,8
1021,5,4.0,1.0,0.0,0.0,0.0,5
1022,10,6.0,4.0,0.0,0.0,0.0,10
1023,3,1.0,2.0,0.0,0.0,0.0,3
1024,4,1.0,3.0,0.0,0.0,0.0,4
1025,2,0.0,2.0,0.0,0.0,0.0,2
1026,5,2.0,2.0,1.0,0.0,0.0,5
1027,19,7.0,11.0,1.0,0.0,0.0,17
1028,6,4.0,2.0,0.0,0.0,0.0,6
1029,11,3.0,7.0,1.0,0.0,0.0,11
1030,2,0.0,1.0,1.0,0.0,0.0,2
1031,3,0.0,2.0,1.0,0.0,0.0,2
1032,3,1.0,2.0,0.0,0.0,0.0,3
1033,5,2.0,2.0,1.0,0.0,0.0,4
1034,8,2.0,6.0,0.0,0.0,0.0,8
1035,6,1.0,5.0,0.0,0.0,0.0,6
1036,7,3.0,4.0,0.0,0.0,0.0,7
1037,9,7.0,2.0,0.0,0.0,0.0,9
1038,3,1.0,2.0,0.0,0.0,0.0,3
1039,4,0.0,2.0,2.0,0.0,0.0,4
1040,5,3.0,1.0,1.0,0.0,0.0,4
1041,12,6.0,3.0,3.0,0.0,0.0,12
1042,9,4.0,5.0,0.0,0.0,0.0,8
1043,12,3.0,5.0,4.0,0.0,0.0,12
1044,6,5.0,1.0,0.0,0.0,0.0,6
1045,5,1.0,4.0,0.0,0.0,0.0,4
1046,3,1.0,2.0,0.0,0.0,0.0,3
1047,3,0.0,2.0,1.0,0.0,0.0,2
1048,9,1.0,8.0,0.0,0.0,0.0,9
1049,7,3.0,4.0,0.0,0.0,0.0,7
1050,7,3.0,4.0,0.0,0.0,0.0,7
1051,7,4.0,3.0,0.0,0.0,0.0,7
1052,2,2.0,0.0,0.0,0.0,0.0,2
1053,8,2.0,4.0,2.0,0.0,0.0,7
1054,6,3.0,2.0,1.0,0.0,0.0,6
1055,6,1.0,5.0,0.0,0.0,0.0,6
1056,7,2.0,5.0,0.0,0.0,0.0,7
1057,14,6.0,7.0,0.0,0.0,1.0,13
1058,4,1.0,2.0,1.0,0.0,0.0,4
1059,2,2.0,0.0,0.0,0.0,0.0,2
1060,10,4.0,4.0,2.0,0.0,0.0,6
1061,12,4.0,6.0,2.0,0.0,0.0,12
1062,13,5.0,3.0,5.0,0.0,0.0,11
1063,6,1.0,5.0,0.0,0.0,0.0,5
1064,10,3.0,7.0,0.0,0.0,0.0,9
1065,3,0.0,3.0,0.0,0.0,0.0,3
1066,2,0.0,1.0,1.0,0.0,0.0,2
1067,4,1.0,3.0,0.0,0.0,0.0,4
1068,10,7.0,3.0,0.0,0.0,0.0,9
1069,12,6.0,5.0,1.0,0.0,0.0,11
1070,3,1.0,2.0,0.0,0.0,0.0,3
1071,7,3.0,4.0,0.0,0.0,0.0,7
1072,4,1.0,2.0,1.0,0.0,0.0,4
1073,3,2.0,0.0,1.0,0.0,0.0,3
1074,3,1.0,2.0,0.0,0.0,0.0,3
1075,8,5.0,2.0,1.0,0.0,0.0,8
1076,9,2.0,7.0,0.0,0.0,0.0,8
1077,11,2.0,8.0,1.0,0.0,0.0,11
1078,7,0.0,3.0,4.0,0.0,0.0,7
1079,2,0.0,2.0,0.0,0.0,0.0,2
1080,2,1.0,1.0,0.0,0.0,0.0,2
1081,5,2.0,2.0,1.0,0.0,0.0,4
1082,8,4.0,4.0,0.0,0.0,0.0,8
1083,1,0.0,1.0,0.0,0.0,0.0,1
1084,9,2.0,5.0,2.0,0.0,0.0,8
1085,5,2.0,2.0,1.0,0.0,0.0,5
1086,6,2.0,4.0,0.0,0.0,0.0,6
1087,3,1.0,1.0,1.0,0.0,0.0,3
1088,2,2.0,0.0,0.0,0.0,0.0,2
1089,6,0.0,4.0,2.0,0.0,0.0,6
1090,6,1.0,4.0,1.0,0.0,0.0,5
1091,2,1.0,1.0,0.0,0.0,0.0,2
1092,8,1.0,6.0,1.0,0.0,0.0,7
1093,3,1.0,2.0,0.0,0.0,0.0,3
1094,5,1.0,3.0,1.0,0.0,0.0,5
1095,2,0.0,2.0,0.0,0.0,0.0,2
1096,5,1.0,3.0,1.0,0.0,0.0,5
1097,11,2.0,8.0,1.0,0.0,0.0,10
1098,3,1.0,1.0,1.0,0.0,0.0,2
1099,6,4.0,2.0,0.0,0.0,0.0,6
1100,6,4.0,0.0,2.0,0.0,0.0,6
1101,3,2.0,1.0,0.0,0.0,0.0,3
1102,7,3.0,2.0,2.0,0.0,0.0,6
1103,4,1.0,1.0,2.0,0.0,0.0,3
1104,4,1.0,3.0,0.0,0.0,0.0,4
1105,12,4.0,6.0,1.0,0.0,1.0,10
1106,14,6.0,7.0,1.0,0.0,0.0,13
1107,1,0.0,1.0,0.0,0.0,0.0,1
1108,4,2.0,2.0,0.0,0.0,0.0,4
1109,1,0.0,1.0,0.0,0.0,0.0,1
1110,16,4.0,9.0,3.0,0.0,0.0,16
1111,12,5.0,4.0,3.0,0.0,0.0,10
1112,6,1.0,4.0,1.0,0.0,0.0,6
1113,9,4.0,5.0,0.0,0.0,0.0,8
1114,9,4.0,4.0,1.0,0.0,0.0,9
1115,7,3.0,2.0,2.0,0.0,0.0,6
1116,5,2.0,3.0,0.0,0.0,0.0,5
1117,9,4.0,4.0,1.0,0.0,0.0,7
1118,6,1.0,4.0,1.0,0.0,0.0,6
1119,4,2.0,2.0,0.0,0.0,0.0,4
1120,5,2.0,2.0,1.0,0.0,0.0,5
1121,5,3.0,2.0,0.0,0.0,0.0,5
1122,5,1.0,4.0,0.0,0.0,0.0,5
1123,2,0.0,2.0,0.0,0.0,0.0,2
1124,11,3.0,5.0,3.0,0.0,0.0,11
1125,8,3.0,5.0,0.0,0.0,0.0,8
1126,10,2.0,6.0,2.0,0.0,0.0,9
1127,8,3.0,4.0,1.0,0.0,0.0,8
1128,8,5.0,3.0,0.0,0.0,0.0,8
1129,3,2.0,1.0,0.0,0.0,0.0,3
1130,1,1.0,0.0,0.0,0.0,0.0,1
1131,6,0.0,5.0,1.0,0.0,0.0,5
1132,7,2.0,4.0,1.0,0.0,0.0,6
1133,7,3.0,3.0,1.0,0.0,0.0,5
1134,13,5.0,6.0,2.0,0.0,0.0,12
1135,6,0.0,4.0,2.0,0.0,0.0,4
1136,4,2.0,0.0,2.0,0.0,0.0,4
1137,2,0.0,1.0,1.0,0.0,0.0,2
1138,9,2.0,6.0,1.0,0.0,0.0,8
1139,7,1.0,6.0,0.0,0.0,0.0,7
1140,10,2.0,4.0,4.0,0.0,0.0,9
1141,10,0.0,7.0,2.0,0.0,1.0,9
1142,8,1.0,6.0,1.0,0.0,0.0,8
1143,10,3.0,6.0,1.0,0.0,0.0,9
1144,8,2.0,5.0,0.0,1.0,0.0,8
1145,10,5.0,4.0,1.0,0.0,0.0,9
1146,10,4.0,6.0,0.0,0.0,0.0,10
1147,7,0.0,6.0,0.0,0.0,1.0,7
1148,10,7.0,2.0,1.0,0.0,0.0,10
1149,11,2.0,7.0,2.0,0.0,0.0,10
1150,8,3.0,4.0,1.0,0.0,0.0,6
1151,5,2.0,1.0,1.0,0.0,1.0,5
1152,13,7.0,5.0,1.0,0.0,0.0,13
1153,5,3.0,1.0,0.0,1.0,0.0,4
1154,15,6.0,8.0,1.0,0.0,0.0,12
1155,16,2.0,9.0,5.0,0.0,0.0,16
1156,7,2.0,2.0,3.0,0.0,0.0,6
1157,2,1.0,0.0,1.0,0.0,0.0,2
1158,9,3.0,5.0,1.0,0.0,0.0,8
1159,11,3.0,7.0,1.0,0.0,0.0,11
1160,11,2.0,8.0,1.0,0.0,0.0,11
1161,10,1.0,5.0,4.0,0.0,0.0,8
1162,8,2.0,4.0,2.0,0.0,0.0,8
1163,6,1.0,3.0,2.0,0.0,0.0,6
1164,1,1.0,0.0,0.0,0.0,0.0,1
1165,5,1.0,2.0,2.0,0.0,0.0,4
1166,9,4.0,3.0,2.0,0.0,0.0,8
1167,15,2.0,9.0,4.0,0.0,0.0,14
1168,14,5.0,6.0,3.0,0.0,0.0,11
1169,15,5.0,9.0,1.0,0.0,0.0,13
1170,9,1.0,7.0,0.0,0.0,1.0,9
1171,3,1.0,1.0,1.0,0.0,0.0,3
1172,11,1.0,7.0,3.0,0.0,0.0,10
1173,7,1.0,4.0,2.0,0.0,0.0,7
1174,9,3.0,5.0,1.0,0.0,0.0,9
1175,6,1.0,5.0,0.0,0.0,0.0,6
1176,7,2.0,2.0,1.0,1.0,1.0,6
1177,9,1.0,8.0,0.0,0.0,0.0,9
1178,4,2.0,0.0,2.0,0.0,0.0,3
1179,14,5.0,7.0,1.0,1.0,0.0,13
1180,12,3.0,8.0,0.0,1.0,0.0,10
1181,12,6.0,5.0,1.0,0.0,0.0,12
1182,10,4.0,4.0,2.0,0.0,0.0,10
1183,11,4.0,6.0,1.0,0.0,0.0,10
1184,11,2.0,7.0,2.0,0.0,0.0,11
1185,3,1.0,2.0,0.0,0.0,0.0,2
1186,5,3.0,2.0,0.0,0.0,0.0,5
1187,12,1.0,8.0,3.0,0.0,0.0,11
1188,14,9.0,4.0,1.0,0.0,0.0,11
1189,2,1.0,1.0,0.0,0.0,0.0,2
1190,11,2.0,6.0,3.0,0.0,0.0,10
1191,9,0.0,2.0,6.0,0.0,1.0,9
1192,5,1.0,4.0,0.0,0.0,0.0,5
1193,2,1.0,1.0,0.0,0.0,0.0,2
1194,11,3.0,6.0,2.0,0.0,0.0,9
1195,11,2.0,3.0,6.0,0.0,0.0,9
1196,9,2.0,5.0,2.0,0.0,0.0,8
1197,16,3.0,12.0,0.0,1.0,0.0,12
1198,11,7.0,3.0,1.0,0.0,0.0,11
1199,6,4.0,1.0,0.0,1.0,0.0,6
1200,9,4.0,4.0,0.0,0.0,1.0,9
1201,7,3.0,1.0,3.0,0.0,0.0,7
1202,8,2.0,5.0,1.0,0.0,0.0,8
1203,14,2.0,8.0,4.0,0.0,0.0,12
1204,11,3.0,5.0,3.0,0.0,0.0,9
1205,9,1.0,5.0,3.0,0.0,0.0,8
1206,5,2.0,2.0,1.0,0.0,0.0,4
1207,10,2.0,6.0,2.0,0.0,0.0,9
1208,10,3.0,6.0,1.0,0.0,0.0,10
1209,14,2.0,5.0,7.0,0.0,0.0,13
1210,12,3.0,7.0,2.0,0.0,0.0,11
1211,7,3.0,4.0,0.0,0.0,0.0,7
1212,9,6.0,1.0,1.0,1.0,0.0,8
1213,9,2.0,6.0,1.0,0.0,0.0,8
1214,9,2.0,5.0,2.0,0.0,0.0,8
1215,17,4.0,8.0,5.0,0.0,0.0,15
1216,9,4.0,5.0,0.0,0.0,0.0,9
1217,8,2.0,5.0,1.0,0.0,0.0,8
1218,10,2.0,6.0,2.0,0.0,0.0,9
1219,3,1.0,2.0,0.0,0.0,0.0,3
1220,3,0.0,2.0,1.0,0.0,0.0,2
1221,11,6.0,4.0,1.0,0.0,0.0,10
1222,10,3.0,5.0,2.0,0.0,0.0,10
1223,14,4.0,8.0,2.0,0.0,0.0,12
1224,8,3.0,4.0,1.0,0.0,0.0,8
1225,8,4.0,2.0,2.0,0.0,0.0,8
1226,16,4.0,11.0,1.0,0.0,0.0,16
1227,11,3.0,7.0,0.0,1.0,0.0,8
1228,13,3.0,7.0,3.0,0.0,0.0,12
1229,21,2.0,15.0,4.0,0.0,0.0,19
1230,22,2.0,13.0,7.0,0.0,0.0,17
1231,16,3.0,9.0,4.0,0.0,0.0,10
1232,19,3.0,11.0,5.0,0.0,0.0,15
1233,13,5.0,7.0,1.0,0.0,0.0,12
1234,11,2.0,5.0,4.0,0.0,0.0,7
1235,7,1.0,6.0,0.0,0.0,0.0,7
1236,20,10.0,7.0,3.0,0.0,0.0,20
1237,19,4.0,10.0,5.0,0.0,0.0,14
1238,18,4.0,10.0,4.0,0.0,0.0,14
1239,18,4.0,10.0,3.0,1.0,0.0,15
1240,14,5.0,7.0,2.0,0.0,0.0,14
1241,7,5.0,2.0,0.0,0.0,0.0,5
1242,12,2.0,7.0,3.0,0.0,0.0,10
1243,17,2.0,5.0,10.0,0.0,0.0,10
1244,19,1.0,14.0,4.0,0.0,0.0,16
1245,22,3.0,15.0,4.0,0.0,0.0,17
1246,34,2.0,17.0,15.0,0.0,0.0,26
1247,23,3.0,10.0,9.0,0.0,1.0,19
1248,16,5.0,8.0,3.0,0.0,0.0,12
1249,7,1.0,4.0,2.0,0.0,0.0,7
1250,36,6.0,19.0,11.0,0.0,0.0,30
1251,22,4.0,16.0,2.0,0.0,0.0,19
1252,40,7.0,26.0,7.0,0.0,0.0,29
1253,23,9.0,12.0,2.0,0.0,0.0,19
1254,13,5.0,5.0,3.0,0.0,0.0,12
1255,3,2.0,0.0,1.0,0.0,0.0,3
1256,2,0.0,2.0,0.0,0.0,0.0,2
1257,1,1.0,0.0,0.0,0.0,0.0,1
1258,1,1.0,0.0,0.0,0.0,0.0,1
1259,3,1.0,2.0,0.0,0.0,0.0,3
1260,5,1.0,3.0,1.0,0.0,0.0,5
1261,16,2.0,12.0,2.0,0.0,0.0,11
1262,4,1.0,2.0,1.0,0.0,0.0,4
1263,9,3.0,6.0,0.0,0.0,0.0,9
1264,3,0.0,2.0,1.0,0.0,0.0,3
1265,4,3.0,1.0,0.0,0.0,0.0,4
1266,18,3.0,10.0,5.0,0.0,0.0,15
1267,17,5.0,9.0,3.0,0.0,0.0,16
1268,7,2.0,2.0,3.0,0.0,0.0,7
1269,8,3.0,3.0,2.0,0.0,0.0,8
1270,5,2.0,2.0,1.0,0.0,0.0,5
1271,11,1.0,6.0,4.0,0.0,0.0,11
1272,13,5.0,6.0,2.0,0.0,0.0,12
1273,14,6.0,5.0,3.0,0.0,0.0,10
1274,19,9.0,6.0,3.0,1.0,0.0,17
1275,9,2.0,6.0,1.0,0.0,0.0,9
1276,6,0.0,2.0,4.0,0.0,0.0,5
1277,10,4.0,3.0,3.0,0.0,0.0,9
1278,19,6.0,13.0,0.0,0.0,0.0,17
1279,18,1.0,13.0,4.0,0.0,0.0,17
1280,8,2.0,5.0,1.0,0.0,0.0,8
1281,13,5.0,5.0,3.0,0.0,0.0,12
1282,10,4.0,6.0,0.0,0.0,0.0,9
1283,3,1.0,1.0,1.0,0.0,0.0,3
1284,14,8.0,3.0,3.0,0.0,0.0,13
1285,19,2.0,11.0,6.0,0.0,0.0,17
1286,12,4.0,5.0,3.0,0.0,0.0,11
1287,9,3.0,4.0,2.0,0.0,0.0,9
1288,21,5.0,12.0,4.0,0.0,0.0,20
1289,13,4.0,9.0,0.0,0.0,0.0,12
1290,6,1.0,3.0,1.0,1.0,0.0,5
1291,15,2.0,13.0,0.0,0.0,0.0,13
1292,11,1.0,9.0,1.0,0.0,0.0,8
1293,15,6.0,9.0,0.0,0.0,0.0,14
1294,9,3.0,5.0,1.0,0.0,0.0,7
1295,18,0.0,10.0,7.0,0.0,1.0,15
1296,19,5.0,10.0,4.0,0.0,0.0,16
1297,12,5.0,5.0,2.0,0.0,0.0,12
1298,9,3.0,4.0,2.0,0.0,0.0,9
1299,20,9.0,10.0,1.0,0.0,0.0,19
1300,16,3.0,11.0,2.0,0.0,0.0,15
1301,14,4.0,8.0,2.0,0.0,0.0,14
1302,14,4.0,7.0,3.0,0.0,0.0,14
1303,12,4.0,7.0,1.0,0.0,0.0,12
1304,13,5.0,8.0,0.0,0.0,0.0,12
1305,20,5.0,12.0,3.0,0.0,0.0,17
1306,23,6.0,13.0,4.0,0.0,0.0,21
1307,35,8.0,16.0,11.0,0.0,0.0,32
1308,26,3.0,12.0,10.0,1.0,0.0,25
1309,7,3.0,2.0,2.0,0.0,0.0,7
1310,3,2.0,1.0,0.0,0.0,0.0,3
1311,3,1.0,1.0,1.0,0.0,0.0,3
1312,14,5.0,6.0,3.0,0.0,0.0,11
1313,11,1.0,6.0,4.0,0.0,0.0,10
1314,10,1.0,7.0,2.0,0.0,0.0,10
1315,12,2.0,6.0,4.0,0.0,0.0,11
1316,9,0.0,7.0,2.0,0.0,0.0,8
1317,7,2.0,4.0,1.0,0.0,0.0,6
1318,5,2.0,1.0,2.0,0.0,0.0,5
1319,4,0.0,2.0,2.0,0.0,0.0,4
1320,19,2.0,12.0,4.0,0.0,1.0,16
1321,18,7.0,9.0,2.0,0.0,0.0,18
1322,9,5.0,3.0,1.0,0.0,0.0,9
1323,15,2.0,10.0,3.0,0.0,0.0,15
1324,13,5.0,6.0,2.0,0.0,0.0,11
1325,10,3.0,5.0,2.0,0.0,0.0,9
1326,9,3.0,3.0,3.0,0.0,0.0,9
1327,23,6.0,13.0,2.0,0.0,2.0,20
1328,14,5.0,8.0,1.0,0.0,0.0,13
1329,17,5.0,7.0,5.0,0.0,0.0,17
1330,16,3.0,9.0,4.0,0.0,0.0,14
1331,11,2.0,7.0,1.0,1.0,0.0,10
1332,4,2.0,2.0,0.0,0.0,0.0,4
1333,7,0.0,6.0,1.0,0.0,0.0,7
1334,28,4.0,21.0,3.0,0.0,0.0,23
1335,26,3.0,13.0,10.0,0.0,0.0,19
1336,18,5.0,7.0,6.0,0.0,0.0,14
1337,19,3.0,10.0,5.0,1.0,0.0,15
1338,13,3.0,6.0,3.0,1.0,0.0,11
1339,8,2.0,6.0,0.0,0.0,0.0,7
1340,14,4.0,7.0,3.0,0.0,0.0,14
1341,16,3.0,10.0,2.0,1.0,0.0,11
1342,26,2.0,18.0,6.0,0.0,0.0,20
1343,19,2.0,12.0,5.0,0.0,0.0,17
1344,23,2.0,16.0,5.0,0.0,0.0,21
1345,26,4.0,17.0,5.0,0.0,0.0,19
1346,21,6.0,6.0,9.0,0.0,0.0,17
1347,31,11.0,18.0,2.0,0.0,0.0,30
1348,51,8.0,33.0,10.0,0.0,0.0,46
1349,99,16.0,66.0,17.0,0.0,0.0,85
1350,103,27.0,56.0,20.0,0.0,0.0,85
1351,89,28.0,41.0,20.0,0.0,0.0,80
1352,48,21.0,18.0,8.0,1.0,0.0,45
1353,14,4.0,8.0,2.0,0.0,0.0,13
1354,9,5.0,2.0,1.0,1.0,0.0,9
1355,7,3.0,2.0,2.0,0.0,0.0,6
1356,16,6.0,7.0,3.0,0.0,0.0,16
1357,11,3.0,7.0,1.0,0.0,0.0,10
1358,14,5.0,8.0,0.0,1.0,0.0,14
1359,13,4.0,7.0,1.0,0.0,1.0,13
1360,9,2.0,5.0,2.0,0.0,0.0,8
1361,7,4.0,3.0,0.0,0.0,0.0,6
1362,17,8.0,7.0,2.0,0.0,0.0,14
1363,14,1.0,6.0,6.0,0.0,1.0,13
1364,16,4.0,11.0,1.0,0.0,0.0,14
1365,12,6.0,3.0,2.0,1.0,0.0,11
1366,7,1.0,5.0,1.0,0.0,0.0,5
1367,12,2.0,7.0,2.0,1.0,0.0,12
1368,8,2.0,3.0,3.0,0.0,0.0,8
1369,20,5.0,7.0,8.0,0.0,0.0,16
1370,16,8.0,7.0,1.0,0.0,0.0,14
1371,18,3.0,11.0,4.0,0.0,0.0,18
1372,10,2.0,8.0,0.0,0.0,0.0,10
1373,1,0.0,1.0,0.0,0.0,0.0,1
1374,4,2.0,1.0,1.0,0.0,0.0,3
1375,3,1.0,2.0,0.0,0.0,0.0,3
1376,7,1.0,4.0,2.0,0.0,0.0,7
1377,17,7.0,8.0,2.0,0.0,0.0,17
1378,13,4.0,6.0,2.0,0.0,1.0,12
1379,14,5.0,6.0,3.0,0.0,0.0,12
1380,16,6.0,9.0,1.0,0.0,0.0,13
1381,7,2.0,4.0,1.0,0.0,0.0,6
1382,11,4.0,7.0,0.0,0.0,0.0,11
1383,12,5.0,7.0,0.0,0.0,0.0,12
1384,20,6.0,11.0,3.0,0.0,0.0,20
1385,8,1.0,7.0,0.0,0.0,0.0,6
1386,20,8.0,10.0,2.0,0.0,0.0,19
1387,7,3.0,3.0,1.0,0.0,0.0,7
1388,5,2.0,2.0,0.0,1.0,0.0,5
1389,8,0.0,2.0,6.0,0.0,0.0,8
1390,12,1.0,6.0,5.0,0.0,0.0,11
1391,18,5.0,7.0,6.0,0.0,0.0,17
1392,19,6.0,11.0,2.0,0.0,0.0,18
1393,15,4.0,8.0,3.0,0.0,0.0,15
1394,11,3.0,6.0,2.0,0.0,0.0,10
1395,2,1.0,1.0,0.0,0.0,0.0,2
1396,4,0.0,3.0,1.0,0.0,0.0,4
1397,15,6.0,6.0,3.0,0.0,0.0,15
1398,15,3.0,9.0,3.0,0.0,0.0,14
1399,11,3.0,5.0,3.0,0.0,0.0,11
1400,15,5.0,9.0,1.0,0.0,0.0,14
1401,8,0.0,7.0,0.0,0.0,1.0,8
1402,6,2.0,4.0,0.0,0.0,0.0,5
1403,8,4.0,3.0,1.0,0.0,0.0,7
1404,20,5.0,12.0,3.0,0.0,0.0,17
1405,17,4.0,11.0,2.0,0.0,0.0,12
1406,13,3.0,6.0,4.0,0.0,0.0,11
1407,20,4.0,10.0,6.0,0.0,0.0,20
1408,19,5.0,12.0,2.0,0.0,0.0,16
1409,4,1.0,3.0,0.0,0.0,0.0,4
1410,11,2.0,8.0,1.0,0.0,0.0,9
1411,8,3.0,4.0,1.0,0.0,0.0,8
1412,15,6.0,6.0,3.0,0.0,0.0,14
1413,21,7.0,7.0,7.0,0.0,0.0,21
1414,16,7.0,7.0,2.0,0.0,0.0,13
1415,20,4.0,14.0,2.0,0.0,0.0,19
1416,5,0.0,5.0,0.0,0.0,0.0,5
1417,9,4.0,4.0,1.0,0.0,0.0,7
1418,19,8.0,11.0,0.0,0.0,0.0,18
1419,19,3.0,15.0,1.0,0.0,0.0,18
1420,22,7.0,7.0,8.0,0.0,0.0,18
1421,10,2.0,3.0,5.0,0.0,0.0,10
1422,10,5.0,5.0,0.0,0.0,0.0,9
1423,6,2.0,3.0,1.0,0.0,0.0,6
1424,11,5.0,6.0,0.0,0.0,0.0,11
1425,11,6.0,2.0,3.0,0.0,0.0,11
1426,21,4.0,13.0,3.0,1.0,0.0,20
1427,13,3.0,10.0,0.0,0.0,0.0,13
1428,12,3.0,7.0,2.0,0.0,0.0,12
1429,9,1.0,7.0,1.0,0.0,0.0,9
1430,6,4.0,2.0,0.0,0.0,0.0,5
1431,4,2.0,2.0,0.0,0.0,0.0,4
1432,19,4.0,9.0,6.0,0.0,0.0,17
1433,17,4.0,10.0,3.0,0.0,0.0,15
1434,8,3.0,5.0,0.0,0.0,0.0,8
1435,9,1.0,7.0,1.0,0.0,0.0,8
1436,12,1.0,9.0,2.0,0.0,0.0,11
1437,6,1.0,4.0,1.0,0.0,0.0,6
1438,6,1.0,4.0,1.0,0.0,0.0,6
1439,13,2.0,8.0,3.0,0.0,0.0,12
1440,20,5.0,14.0,1.0,0.0,0.0,18
1441,9,2.0,4.0,3.0,0.0,0.0,7
1442,12,2.0,8.0,2.0,0.0,0.0,11
1443,16,3.0,11.0,2.0,0.0,0.0,16
1444,6,2.0,3.0,1.0,0.0,0.0,5
1445,6,0.0,5.0,1.0,0.0,0.0,5
1446,14,4.0,5.0,5.0,0.0,0.0,14
1447,19,6.0,6.0,6.0,1.0,0.0,15
1448,11,5.0,5.0,1.0,0.0,0.0,11
1449,11,3.0,7.0,1.0,0.0,0.0,11
1450,5,1.0,4.0,0.0,0.0,0.0,5
1451,7,4.0,1.0,1.0,1.0,0.0,7
1452,7,1.0,6.0,0.0,0.0,0.0,6
1453,13,5.0,7.0,1.0,0.0,0.0,11
1454,18,7.0,8.0,3.0,0.0,0.0,17
1455,10,1.0,8.0,1.0,0.0,0.0,9
1456,13,4.0,8.0,1.0,0.0,0.0,13
1457,11,7.0,3.0,1.0,0.0,0.0,10
1458,5,1.0,3.0,1.0,0.0,0.0,5
1459,14,3.0,8.0,3.0,0.0,0.0,14
1460,20,4.0,10.0,5.0,1.0,0.0,17
1461,28,10.0,11.0,6.0,0.0,1.0,23
1462,12,2.0,6.0,4.0,0.0,0.0,11
1463,12,3.0,7.0,2.0,0.0,0.0,10
1464,15,6.0,7.0,2.0,0.0,0.0,14
1465,6,0.0,4.0,2.0,0.0,0.0,3
1466,9,3.0,5.0,1.0,0.0,0.0,9
1467,9,2.0,6.0,1.0,0.0,0.0,9
1468,12,5.0,5.0,2.0,0.0,0.0,11
1469,10,4.0,5.0,1.0,0.0,0.0,9
1470,20,7.0,9.0,4.0,0.0,0.0,18
1471,13,2.0,9.0,1.0,1.0,0.0,13
1472,5,2.0,2.0,1.0,0.0,0.0,5
1473,10,4.0,4.0,2.0,0.0,0.0,10
1474,19,6.0,13.0,0.0,0.0,0.0,19
1475,12,2.0,8.0,2.0,0.0,0.0,12
1476,20,7.0,12.0,1.0,0.0,0.0,20
1477,23,2.0,10.0,11.0,0.0,0.0,17
1478,11,4.0,6.0,1.0,0.0,0.0,8
1479,1,1.0,0.0,0.0,0.0,0.0,1
1480,6,1.0,2.0,3.0,0.0,0.0,6
1481,11,2.0,9.0,0.0,0.0,0.0,11
1482,15,8.0,6.0,1.0,0.0,0.0,14
1483,12,4.0,5.0,3.0,0.0,0.0,12
1484,11,3.0,5.0,3.0,0.0,0.0,11
1485,8,4.0,3.0,1.0,0.0,0.0,8
1486,9,3.0,5.0,1.0,0.0,0.0,9
1487,7,2.0,3.0,2.0,0.0,0.0,7
1488,17,3.0,11.0,3.0,0.0,0.0,16
1489,13,5.0,6.0,2.0,0.0,0.0,13
1490,11,4.0,6.0,1.0,0.0,0.0,11
1491,19,2.0,9.0,7.0,0.0,1.0,18
1492,15,3.0,9.0,3.0,0.0,0.0,13
1493,9,4.0,2.0,3.0,0.0,0.0,9
1494,7,4.0,1.0,2.0,0.0,0.0,7
1495,11,1.0,10.0,0.0,0.0,0.0,11
1496,18,4.0,11.0,3.0,0.0,0.0,18
1497,13,2.0,10.0,1.0,0.0,0.0,12
1498,8,1.0,6.0,1.0,0.0,0.0,8
1499,6,1.0,4.0,1.0,0.0,0.0,6
1500,6,4.0,1.0,1.0,0.0,0.0,6
1501,5,0.0,3.0,2.0,0.0,0.0,5
1502,14,4.0,8.0,2.0,0.0,0.0,12
1503,17,6.0,8.0,3.0,0.0,0.0,16
1504,11,6.0,4.0,1.0,0.0,0.0,11
1505,17,5.0,7.0,5.0,0.0,0.0,17
1506,23,4.0,13.0,6.0,0.0,0.0,22
1507,4,2.0,1.0,1.0,0.0,0.0,4
1508,20,8.0,7.0,5.0,0.0,0.0,19
1509,18,4.0,11.0,3.0,0.0,0.0,17
1510,13,5.0,7.0,1.0,0.0,0.0,12
1511,19,8.0,10.0,1.0,0.0,0.0,18
1512,16,4.0,12.0,0.0,0.0,0.0,16
1513,17,5.0,8.0,4.0,0.0,0.0,16
1514,4,2.0,2.0,0.0,0.0,0.0,4
1515,9,1.0,6.0,2.0,0.0,0.0,6
1516,20,7.0,9.0,4.0,0.0,0.0,17
1517,17,3.0,11.0,3.0,0.0,0.0,17
1518,14,6.0,5.0,3.0,0.0,0.0,14
1519,20,5.0,11.0,4.0,0.0,0.0,19
1520,14,1.0,6.0,7.0,0.0,0.0,14
1521,8,1.0,6.0,1.0,0.0,0.0,8
1522,10,3.0,5.0,2.0,0.0,0.0,8
1523,17,3.0,7.0,7.0,0.0,0.0,12
1524,20,6.0,11.0,3.0,0.0,0.0,19
1525,11,4.0,4.0,3.0,0.0,0.0,10
1526,25,5.0,16.0,4.0,0.0,0.0,22
1527,13,4.0,6.0,3.0,0.0,0.0,13
1528,4,1.0,1.0,2.0,0.0,0.0,4
1529,12,3.0,6.0,3.0,0.0,0.0,11
1530,23,3.0,16.0,4.0,0.0,0.0,19
1531,18,5.0,12.0,1.0,0.0,0.0,17
1532,12,1.0,8.0,3.0,0.0,0.0,11
1533,16,2.0,13.0,1.0,0.0,0.0,16
1534,16,2.0,10.0,4.0,0.0,0.0,14
1535,13,3.0,9.0,1.0,0.0,0.0,12
1536,6,4.0,2.0,0.0,0.0,0.0,6
1537,32,9.0,18.0,4.0,1.0,0.0,28
1538,24,9.0,13.0,2.0,0.0,0.0,22
1539,10,4.0,5.0,1.0,0.0,0.0,10
1540,12,3.0,6.0,3.0,0.0,0.0,11
1541,10,3.0,7.0,0.0,0.0,0.0,9
1542,5,1.0,4.0,0.0,0.0,0.0,4
1543,10,3.0,6.0,1.0,0.0,0.0,10
1544,17,4.0,9.0,4.0,0.0,0.0,16
1545,23,9.0,10.0,4.0,0.0,0.0,23
1546,25,9.0,15.0,1.0,0.0,0.0,23
1547,11,3.0,6.0,2.0,0.0,0.0,10
1548,16,5.0,10.0,1.0,0.0,0.0,16
1549,6,2.0,3.0,1.0,0.0,0.0,5
1550,11,4.0,6.0,1.0,0.0,0.0,10
1551,30,4.0,18.0,8.0,0.0,0.0,28
1552,13,1.0,10.0,2.0,0.0,0.0,13
1553,10,3.0,5.0,2.0,0.0,0.0,9
1554,16,2.0,11.0,3.0,0.0,0.0,16
1555,9,1.0,5.0,3.0,0.0,0.0,9
1556,3,0.0,1.0,2.0,0.0,0.0,3
1557,12,3.0,5.0,4.0,0.0,0.0,11
1558,24,7.0,14.0,3.0,0.0,0.0,21
1559,8,2.0,6.0,0.0,0.0,0.0,8
1560,22,9.0,9.0,4.0,0.0,0.0,17
1561,24,6.0,15.0,3.0,0.0,0.0,21
1562,10,4.0,4.0,2.0,0.0,0.0,10
1563,7,2.0,4.0,1.0,0.0,0.0,4
1564,6,2.0,3.0,1.0,0.0,0.0,6
1565,19,5.0,11.0,3.0,0.0,0.0,18
1566,19,5.0,11.0,3.0,0.0,0.0,16
1567,13,7.0,5.0,1.0,0.0,0.0,13
1568,30,8.0,11.0,11.0,0.0,0.0,24
1569,17,2.0,10.0,5.0,0.0,0.0,14
1570,8,4.0,3.0,1.0,0.0,0.0,8
1571,14,4.0,7.0,3.0,0.0,0.0,13
1572,18,0.0,15.0,3.0,0.0,0.0,15
1573,17,4.0,9.0,4.0,0.0,0.0,15
1574,12,3.0,8.0,1.0,0.0,0.0,10
1575,22,5.0,15.0,2.0,0.0,0.0,20
1576,12,2.0,7.0,3.0,0.0,0.0,11
1577,14,3.0,8.0,3.0,0.0,0.0,10
1578,9,1.0,5.0,3.0,0.0,0.0,9
1579,25,7.0,14.0,3.0,1.0,0.0,23
1580,26,5.0,10.0,11.0,0.0,0.0,24
1581,22,5.0,13.0,4.0,0.0,0.0,21
1582,20,8.0,11.0,1.0,0.0,0.0,18
1583,18,2.0,9.0,7.0,0.0,0.0,15
1584,3,1.0,2.0,0.0,0.0,0.0,3
1585,8,2.0,5.0,1.0,0.0,0.0,8
1586,15,7.0,8.0,0.0,0.0,0.0,15
1587,20,9.0,6.0,5.0,0.0,0.0,17
1588,24,6.0,13.0,5.0,0.0,0.0,20
1589,14,5.0,7.0,2.0,0.0,0.0,11
1590,11,4.0,5.0,2.0,0.0,0.0,8
1591,8,2.0,3.0,3.0,0.0,0.0,8
1592,18,1.0,9.0,8.0,0.0,0.0,16
1593,32,4.0,15.0,13.0,0.0,0.0,22
1594,20,4.0,10.0,5.0,0.0,1.0,16
1595,19,7.0,11.0,1.0,0.0,0.0,19
1596,33,6.0,21.0,5.0,1.0,0.0,27
1597,46,3.0,32.0,10.0,1.0,0.0,34
1598,8,2.0,5.0,1.0,0.0,0.0,8
1599,23,2.0,15.0,6.0,0.0,0.0,19
1600,45,2.0,26.0,17.0,0.0,0.0,42
1601,52,6.0,35.0,11.0,0.0,0.0,45
1602,15,6.0,8.0,1.0,0.0,0.0,15
1603,23,4.0,12.0,7.0,0.0,0.0,20
1604,26,7.0,12.0,7.0,0.0,0.0,21
1605,10,3.0,5.0,2.0,0.0,0.0,9
1606,13,5.0,5.0,3.0,0.0,0.0,11
1607,59,7.0,26.0,26.0,0.0,0.0,44
1608,33,7.0,15.0,11.0,0.0,0.0,30
1609,34,4.0,20.0,9.0,1.0,0.0,25
1610,18,2.0,12.0,3.0,0.0,1.0,17
1611,23,8.0,11.0,4.0,0.0,0.0,20
1612,17,4.0,11.0,2.0,0.0,0.0,15
1613,16,4.0,11.0,1.0,0.0,0.0,14
1614,46,7.0,24.0,15.0,0.0,0.0,40
1615,48,8.0,30.0,10.0,0.0,0.0,40
1616,50,10.0,30.0,9.0,1.0,0.0,40
1617,34,7.0,22.0,5.0,0.0,0.0,28
1618,33,7.0,23.0,3.0,0.0,0.0,28
1619,10,2.0,8.0,0.0,0.0,0.0,10
1620,7,1.0,6.0,0.0,0.0,0.0,6
1621,2,1.0,1.0,0.0,0.0,0.0,2
1622,2,1.0,1.0,0.0,0.0,0.0,2
1623,3,1.0,2.0,0.0,0.0,0.0,3
1624,10,2.0,7.0,1.0,0.0,0.0,9
1625,7,2.0,3.0,2.0,0.0,0.0,5
1626,11,4.0,7.0,0.0,0.0,0.0,9
1627,19,5.0,9.0,4.0,1.0,0.0,18
1628,7,1.0,6.0,0.0,0.0,0.0,7
1629,12,6.0,3.0,3.0,0.0,0.0,11
1630,42,6.0,19.0,17.0,0.0,0.0,33
1631,12,1.0,10.0,1.0,0.0,0.0,12
1632,5,0.0,3.0,2.0,0.0,0.0,5
1633,10,3.0,6.0,1.0,0.0,0.0,9
1634,18,5.0,11.0,2.0,0.0,0.0,17
1635,23,2.0,20.0,1.0,0.0,0.0,20
1636,24,6.0,17.0,1.0,0.0,0.0,20
1637,19,5.0,12.0,2.0,0.0,0.0,19
1638,15,2.0,11.0,2.0,0.0,0.0,15
1639,6,3.0,1.0,2.0,0.0,0.0,6
1640,11,2.0,7.0,2.0,0.0,0.0,10
1641,15,1.0,9.0,5.0,0.0,0.0,15
1642,23,5.0,15.0,3.0,0.0,0.0,21
1643,12,4.0,7.0,1.0,0.0,0.0,10
1644,19,5.0,11.0,3.0,0.0,0.0,18
1645,15,7.0,7.0,1.0,0.0,0.0,14
1646,6,1.0,3.0,2.0,0.0,0.0,6
1647,8,4.0,3.0,1.0,0.0,0.0,8
1648,30,4.0,22.0,4.0,0.0,0.0,27
1649,23,8.0,13.0,2.0,0.0,0.0,21
1650,16,8.0,6.0,2.0,0.0,0.0,14
1651,20,4.0,10.0,6.0,0.0,0.0,19
1652,16,10.0,5.0,0.0,0.0,1.0,15
1653,8,2.0,3.0,2.0,1.0,0.0,7
1654,15,7.0,7.0,1.0,0.0,0.0,13
1655,19,5.0,11.0,3.0,0.0,0.0,18
1656,15,4.0,9.0,2.0,0.0,0.0,15
1657,19,7.0,11.0,1.0,0.0,0.0,19
1658,35,9.0,21.0,5.0,0.0,0.0,27
1659,30,4.0,22.0,4.0,0.0,0.0,30
1660,6,3.0,2.0,1.0,0.0,0.0,6
1661,15,5.0,7.0,3.0,0.0,0.0,15
1662,23,8.0,12.0,3.0,0.0,0.0,21
1663,35,8.0,21.0,6.0,0.0,0.0,31
1664,14,7.0,6.0,1.0,0.0,0.0,13
1665,31,12.0,13.0,5.0,1.0,0.0,26
1666,24,7.0,12.0,4.0,1.0,0.0,22
1667,12,5.0,5.0,2.0,0.0,0.0,11
1668,25,7.0,15.0,3.0,0.0,0.0,23
1669,43,6.0,23.0,13.0,1.0,0.0,39
1670,50,8.0,33.0,9.0,0.0,0.0,46
1671,46,11.0,24.0,11.0,0.0,0.0,40
1672,52,9.0,24.0,17.0,2.0,0.0,45
1673,17,6.0,5.0,6.0,0.0,0.0,15
1674,4,2.0,2.0,0.0,0.0,0.0,4
1675,10,3.0,5.0,2.0,0.0,0.0,9
1676,12,4.0,6.0,2.0,0.0,0.0,12
1677,19,8.0,9.0,2.0,0.0,0.0,18
1678,14,6.0,8.0,0.0,0.0,0.0,14
1679,23,5.0,11.0,7.0,0.0,0.0,19
1680,7,2.0,3.0,2.0,0.0,0.0,6
1681,10,5.0,5.0,0.0,0.0,0.0,9
1682,9,3.0,6.0,0.0,0.0,0.0,7
1683,20,4.0,10.0,6.0,0.0,0.0,18
1684,27,6.0,20.0,1.0,0.0,0.0,25
1685,15,6.0,6.0,3.0,0.0,0.0,13
1686,23,7.0,12.0,4.0,0.0,0.0,21
1687,39,4.0,24.0,11.0,0.0,0.0,32
1688,17,1.0,13.0,3.0,0.0,0.0,17
1689,23,7.0,14.0,2.0,0.0,0.0,20
1690,16,8.0,8.0,0.0,0.0,0.0,15
1691,33,6.0,22.0,5.0,0.0,0.0,32
1692,29,8.0,21.0,0.0,0.0,0.0,26
1693,17,8.0,7.0,1.0,1.0,0.0,15
1694,26,3.0,14.0,9.0,0.0,0.0,15
1695,11,1.0,7.0,3.0,0.0,0.0,10
1696,21,3.0,11.0,7.0,0.0,0.0,20
1697,45,11.0,22.0,12.0,0.0,0.0,40
1698,43,9.0,23.0,11.0,0.0,0.0,37
1699,26,5.0,18.0,2.0,1.0,0.0,23
1700,40,10.0,28.0,2.0,0.0,0.0,38
1701,34,9.0,15.0,10.0,0.0,0.0,28
1702,26,7.0,15.0,4.0,0.0,0.0,22
1703,75,17.0,47.0,11.0,0.0,0.0,60
1704,139,30.0,75.0,32.0,2.0,0.0,99
1705,155,31.0,92.0,32.0,0.0,0.0,124
1706,193,37.0,118.0,37.0,1.0,0.0,153
1707,116,28.0,72.0,16.0,0.0,0.0,96
1708,66,22.0,36.0,7.0,1.0,0.0,54
1709,37,13.0,19.0,5.0,0.0,0.0,31
1710,40,6.0,27.0,7.0,0.0,0.0,26
1711,37,13.0,17.0,6.0,1.0,0.0,33
1712,57,24.0,25.0,8.0,0.0,0.0,50
1713,40,16.0,19.0,5.0,0.0,0.0,34
1714,37,13.0,15.0,8.0,1.0,0.0,31
1715,55,13.0,15.0,18.0,9.0,0.0,41
1716,33,10.0,18.0,5.0,0.0,0.0,29
1717,23,10.0,8.0,5.0,0.0,0.0,21
1718,61,16.0,27.0,14.0,4.0,0.0,48
1719,67,17.0,25.0,23.0,1.0,1.0,53
1720,39,13.0,16.0,9.0,1.0,0.0,34
1721,58,17.0,22.0,16.0,3.0,0.0,40
1722,79,36.0,29.0,13.0,1.0,0.0,58
1723,38,18.0,16.0,4.0,0.0,0.0,32
1724,40,17.0,14.0,8.0,1.0,0.0,26
1725,78,32.0,23.0,21.0,2.0,0.0,51
1726,41,24.0,9.0,8.0,0.0,0.0,33
1727,184,23.0,11.0,11.0,9.0,130.0,37
1728,37,19.0,7.0,9.0,2.0,0.0,33
1729,40,23.0,9.0,7.0,1.0,0.0,34
1730,21,10.0,9.0,2.0,0.0,0.0,18
1731,15,6.0,2.0,7.0,0.0,0.0,14
1732,28,13.0,8.0,7.0,0.0,0.0,22
1733,41,21.0,8.0,12.0,0.0,0.0,31
1734,42,27.0,9.0,6.0,0.0,0.0,36
1735,51,28.0,15.0,8.0,0.0,0.0,43
1736,46,24.0,12.0,10.0,0.0,0.0,43
1737,39,10.0,18.0,11.0,0.0,0.0,30
1738,27,14.0,11.0,2.0,0.0,0.0,26
1739,44,17.0,13.0,14.0,0.0,0.0,34
1740,70,43.0,16.0,11.0,0.0,0.0,59
1741,56,26.0,21.0,9.0,0.0,0.0,46
1742,51,21.0,20.0,10.0,0.0,0.0,42
1743,52,21.0,14.0,17.0,0.0,0.0,38
1744,50,25.0,14.0,11.0,0.0,0.0,44
1745,38,16.0,16.0,6.0,0.0,0.0,33
1746,63,27.0,20.0,16.0,0.0,0.0,49
1747,68,26.0,25.0,16.0,1.0,0.0,57
1748,82,32.0,27.0,18.0,0.0,5.0,58
1749,92,41.0,38.0,13.0,0.0,0.0,67
1750,78,32.0,26.0,20.0,0.0,0.0,63
1751,48,15.0,21.0,12.0,0.0,0.0,37
1752,43,21.0,17.0,5.0,0.0,0.0,35
1753,62,26.0,22.0,14.0,0.0,0.0,51
1754,66,27.0,19.0,20.0,0.0,0.0,57
1755,73,29.0,25.0,19.0,0.0,0.0,56
1756,49,21.0,14.0,14.0,0.0,0.0,36
1757,31,13.0,11.0,7.0,0.0,0.0,26
1758,39,21.0,11.0,7.0,0.0,0.0,32
1759,38,10.0,16.0,12.0,0.0,0.0,34
1760,47,26.0,8.0,13.0,0.0,0.0,43
1761,85,36.0,36.0,11.0,2.0,0.0,78
1762,60,16.0,26.0,16.0,2.0,0.0,55
1763,83,30.0,39.0,14.0,0.0,0.0,66
1764,54,27.0,18.0,9.0,0.0,0.0,47
1765,40,15.0,19.0,6.0,0.0,0.0,33
1766,54,24.0,15.0,14.0,0.0,1.0,46
1767,50,30.0,11.0,9.0,0.0,0.0,46
1768,69,18.0,36.0,15.0,0.0,0.0,62
1769,71,18.0,42.0,11.0,0.0,0.0,61
1770,45,16.0,22.0,7.0,0.0,0.0,39
1771,62,20.0,21.0,21.0,0.0,0.0,48
1772,38,14.0,12.0,11.0,1.0,0.0,33
1773,26,10.0,9.0,7.0,0.0,0.0,22
1774,43,15.0,18.0,10.0,0.0,0.0,38
1775,47,23.0,16.0,8.0,0.0,0.0,39
1776,59,29.0,15.0,15.0,0.0,0.0,45
1777,39,22.0,9.0,8.0,0.0,0.0,36
1778,48,15.0,20.0,13.0,0.0,0.0,36
1779,41,18.0,15.0,8.0,0.0,0.0,38
1780,45,17.0,12.0,16.0,0.0,0.0,39
1781,44,25.0,11.0,8.0,0.0,0.0,41
1782,45,17.0,16.0,12.0,0.0,0.0,39
1783,56,26.0,17.0,12.0,1.0,0.0,44
1784,54,25.0,23.0,6.0,0.0,0.0,46
1785,37,11.0,19.0,7.0,0.0,0.0,31
1786,30,17.0,8.0,5.0,0.0,0.0,25
1787,38,17.0,15.0,5.0,1.0,0.0,33
1788,42,16.0,17.0,9.0,0.0,0.0,40
1789,61,25.0,24.0,11.0,1.0,0.0,52
1790,35,15.0,14.0,6.0,0.0,0.0,32
1791,52,21.0,21.0,10.0,0.0,0.0,47
1792,36,18.0,12.0,5.0,0.0,1.0,35
1793,20,14.0,4.0,2.0,0.0,0.0,19
1794,27,14.0,9.0,4.0,0.0,0.0,26
1795,33,15.0,12.0,5.0,0.0,1.0,30
1796,55,28.0,23.0,4.0,0.0,0.0,50
1797,32,15.0,13.0,3.0,0.0,1.0,28
1798,47,23.0,18.0,6.0,0.0,0.0,39
1799,27,13.0,8.0,6.0,0.0,0.0,26
1800,18,7.0,8.0,3.0,0.0,0.0,17
1801,25,10.0,13.0,2.0,0.0,0.0,23
1802,34,16.0,14.0,4.0,0.0,0.0,33
1803,32,19.0,8.0,4.0,1.0,0.0,30
1804,36,20.0,11.0,4.0,1.0,0.0,33
1805,28,15.0,7.0,6.0,0.0,0.0,24
1806,18,6.0,11.0,1.0,0.0,0.0,17
1807,20,11.0,5.0,4.0,0.0,0.0,19
1808,25,9.0,10.0,6.0,0.0,0.0,23
1809,24,13.0,8.0,2.0,1.0,0.0,22
1810,30,12.0,11.0,7.0,0.0,0.0,27
1811,30,11.0,13.0,5.0,0.0,1.0,29
1812,42,15.0,25.0,2.0,0.0,0.0,39
1813,41,16.0,20.0,5.0,0.0,0.0,32
1814,15,7.0,6.0,2.0,0.0,0.0,15
1815,23,13.0,9.0,1.0,0.0,0.0,21
1816,22,11.0,9.0,2.0,0.0,0.0,19
1817,26,13.0,12.0,1.0,0.0,0.0,25
1818,25,15.0,9.0,1.0,0.0,0.0,22
1819,35,19.0,15.0,1.0,0.0,0.0,29
1820,21,13.0,6.0,2.0,0.0,0.0,20
1821,18,6.0,12.0,0.0,0.0,0.0,16
1822,17,9.0,7.0,1.0,0.0,0.0,16
1823,24,11.0,10.0,3.0,0.0,0.0,23
1824,30,15.0,13.0,2.0,0.0,0.0,28
1825,22,12.0,8.0,2.0,0.0,0.0,19
1826,29,13.0,16.0,0.0,0.0,0.0,24
1827,21,9.0,12.0,0.0,0.0,0.0,21
1828,14,6.0,6.0,2.0,0.0,0.0,13
1829,19,9.0,9.0,1.0,0.0,0.0,18
1830,27,17.0,9.0,1.0,0.0,0.0,26
1831,28,13.0,13.0,2.0,0.0,0.0,22
1832,22,12.0,10.0,0.0,0.0,0.0,21
1833,31,15.0,13.0,3.0,0.0,0.0,29
1834,24,11.0,12.0,1.0,0.0,0.0,22
1835,24,14.0,8.0,2.0,0.0,0.0,21
1836,14,7.0,7.0,0.0,0.0,0.0,14
1837,11,5.0,6.0,0.0,0.0,0.0,11
1838,32,16.0,16.0,0.0,0.0,0.0,27
1839,17,12.0,5.0,0.0,0.0,0.0,16
1840,23,15.0,7.0,0.0,1.0,0.0,22
1841,33,21.0,11.0,1.0,0.0,0.0,26
1842,18,5.0,6.0,6.0,1.0,0.0,18
1843,21,11.0,9.0,1.0,0.0,0.0,19
1844,49,9.0,38.0,2.0,0.0,0.0,47
1845,34,11.0,21.0,2.0,0.0,0.0,32
1846,42,14.0,20.0,8.0,0.0,0.0,32
1847,24,13.0,8.0,3.0,0.0,0.0,23
1848,21,9.0,9.0,3.0,0.0,0.0,19
1849,9,5.0,3.0,1.0,0.0,0.0,9
1850,15,4.0,10.0,1.0,0.0,0.0,15
1851,45,24.0,20.0,1.0,0.0,0.0,37
1852,29,12.0,16.0,1.0,0.0,0.0,29
1853,25,12.0,12.0,0.0,1.0,0.0,25
1854,29,14.0,11.0,4.0,0.0,0.0,26
1855,19,8.0,11.0,0.0,0.0,0.0,17
1856,9,4.0,5.0,0.0,0.0,0.0,8
1857,16,8.0,7.0,1.0,0.0,0.0,13
1858,40,16.0,24.0,0.0,0.0,0.0,38
1859,33,19.0,11.0,2.0,1.0,0.0,31
1860,27,12.0,13.0,2.0,0.0,0.0,24
1861,20,11.0,9.0,0.0,0.0,0.0,20
1862,22,8.0,13.0,0.0,1.0,0.0,21
1863,8,5.0,3.0,0.0,0.0,0.0,8
1864,16,4.0,10.0,2.0,0.0,0.0,14
1865,23,12.0,7.0,4.0,0.0,0.0,20
1866,26,17.0,8.0,1.0,0.0,0.0,25
1867,31,13.0,15.0,3.0,0.0,0.0,28
1868,28,14.0,13.0,1.0,0.0,0.0,25
1869,35,18.0,15.0,1.0,1.0,0.0,28
1870,10,2.0,4.0,3.0,1.0,0.0,9
1871,14,9.0,4.0,1.0,0.0,0.0,14
1872,26,15.0,10.0,1.0,0.0,0.0,24
1873,54,12.0,35.0,7.0,0.0,0.0,48
1874,29,11.0,18.0,0.0,0.0,0.0,27
1875,22,12.0,9.0,1.0,0.0,0.0,21
1876,27,13.0,13.0,1.0,0.0,0.0,24
1877,13,3.0,10.0,0.0,0.0,0.0,10
1878,20,7.0,12.0,1.0,0.0,0.0,17
1879,31,14.0,17.0,0.0,0.0,0.0,28
1880,37,16.0,18.0,2.0,0.0,1.0,36
1881,30,18.0,11.0,1.0,0.0,0.0,28
1882,25,16.0,9.0,0.0,0.0,0.0,25
1883,27,13.0,12.0,2.0,0.0,0.0,24
1884,17,6.0,10.0,1.0,0.0,0.0,15
1885,20,5.0,14.0,1.0,0.0,0.0,17
1886,62,11.0,45.0,5.0,1.0,0.0,55
1887,45,11.0,31.0,3.0,0.0,0.0,40
