,created_at,volume,revenue,full_revenue,disc1,disc2,disc3,disc4,disc5
0,2013-08-28,1,1695,1695,1.0,,,,
1,2013-12-15,1,3163,4001,,,1.0,,
2,2013-12-23,2,8000,8000,2.0,,,,
3,2014-02-07,1,4000,4000,1.0,,,,
4,2014-03-05,1,2795,2795,1.0,,,,
5,2014-03-16,3,7690,7690,3.0,,,,
6,2014-04-01,1,4000,4000,1.0,,,,
7,2014-05-27,1,1695,1695,1.0,,,,
8,2014-06-22,1,2515,2795,,1.0,,,
9,2014-06-23,1,4000,4185,,1.0,,,
10,2014-07-20,1,2954,4185,,,1.0,,
11,2014-08-03,1,1695,1695,1.0,,,,
12,2014-09-29,1,1995,1995,1.0,,,,
13,2014-10-03,1,500,2000,,,,1.0,
14,2014-10-06,1,0,0,,,,,
15,2014-10-07,1,500,2000,,,,1.0,
16,2014-10-21,1,500,2000,,,,1.0,
17,2014-10-22,1,0,0,,,,,
18,2014-10-28,1,1200,2000,,,1.0,,
19,2014-10-29,1,2000,2000,1.0,,,,
20,2014-10-30,1,2000,2000,1.0,,,,
21,2014-10-31,2,3700,4000,1.0,1.0,,,
22,2014-11-04,1,2000,2000,1.0,,,,
23,2014-11-10,1,500,2000,,,,1.0,
24,2014-11-17,2,3800,4000,1.0,1.0,,,
25,2014-11-20,1,500,2000,,,,1.0,
26,2014-11-22,1,1700,2000,,1.0,,,
27,2014-11-24,1,1200,2000,,,1.0,,
28,2014-11-27,2,3600,4000,,2.0,,,
29,2014-11-28,3,1500,6000,,,,3.0,
30,2014-11-30,1,500,2000,,,,1.0,
31,2014-12-02,1,5000,5000,1.0,,,,
32,2014-12-08,2,9600,10350,1.0,1.0,,,
33,2014-12-09,1,5000,5000,1.0,,,,
34,2014-12-10,1,2000,2000,1.0,,,,
35,2014-12-11,1,1500,2000,,,1.0,,
36,2014-12-18,3,5700,6700,1.0,,2.0,,
37,2014-12-22,1,2800,2800,1.0,,,,
38,2014-12-30,1,800,2000,,,,1.0,
39,2015-01-01,1,2000,2000,1.0,,,,
40,2015-01-05,1,3000,3000,1.0,,,,
41,2015-01-11,1,1200,2000,,,1.0,,
42,2015-01-12,2,3840,4300,1.0,1.0,,,
43,2015-01-15,2,3300,5300,,,2.0,,
44,2015-01-16,2,1500,4000,,,1.0,,1.0
45,2015-01-19,1,1800,2000,,1.0,,,
46,2015-01-20,1,800,2000,,,,1.0,
47,2015-01-24,2,1800,4000,,,1.0,1.0,
48,2015-01-27,1,2000,2000,1.0,,,,
49,2015-01-29,2,2000,4000,,,1.0,1.0,
50,2015-01-30,1,3000,3000,1.0,,,,
51,2015-02-04,1,1500,2000,,,1.0,,
52,2015-02-05,1,1000,2000,,,1.0,,
53,2015-02-09,3,5300,7000,1.0,1.0,,1.0,
54,2015-02-11,1,1100,2300,,,,1.0,
55,2015-02-12,4,9350,10350,2.0,2.0,,,
56,2015-02-13,1,1500,2500,,,1.0,,
57,2015-02-15,1,2000,2000,1.0,,,,
58,2015-02-16,1,2000,2000,1.0,,,,
59,2015-02-18,1,3000,3000,1.0,,,,
60,2015-02-19,1,1000,2000,,,1.0,,
61,2015-02-22,2,4250,4550,1.0,1.0,,,
62,2015-02-26,1,3000,3000,1.0,,,,
63,2015-02-28,1,5000,5000,1.0,,,,
64,2015-03-01,3,6400,6400,3.0,,,,
65,2015-03-04,1,2000,2000,1.0,,,,
66,2015-03-05,1,2000,2000,1.0,,,,
67,2015-03-07,1,2250,3000,,,1.0,,
68,2015-03-08,1,1000,2000,,,1.0,,
69,2015-03-09,3,8605,9100,2.0,1.0,,,
70,2015-03-10,3,4460,6200,,2.0,1.0,,
71,2015-03-11,7,21275,22100,5.0,2.0,,,
72,2015-03-12,10,30450,33700,5.0,4.0,,1.0,
73,2015-03-13,6,12520,14600,3.0,2.0,1.0,,
74,2015-03-14,1,2400,2400,1.0,,,,
75,2015-03-15,1,2160,2400,,1.0,,,
76,2015-03-16,2,7340,7600,1.0,1.0,,,
77,2015-03-18,1,3800,3800,1.0,,,,
78,2015-03-19,1,2200,2200,1.0,,,,
79,2015-03-22,1,1700,2000,,1.0,,,
80,2015-03-24,1,8500,10000,,1.0,,,
81,2015-03-30,2,4000,4000,2.0,,,,
82,2015-03-31,2,4740,5100,1.0,1.0,,,
83,2015-04-02,1,2000,2000,1.0,,,,
84,2015-04-16,1,2000,2000,1.0,,,,
85,2015-04-17,2,4200,4200,2.0,,,,
86,2015-04-19,1,3000,3000,1.0,,,,
87,2015-04-21,1,1000,2000,,,1.0,,
88,2015-04-22,1,2000,2000,1.0,,,,
89,2015-04-27,3,6000,6000,3.0,,,,
90,2015-04-30,1,1760,2200,,1.0,,,
91,2015-05-03,1,8500,8500,1.0,,,,
92,2015-05-06,2,3900,4400,1.0,,1.0,,
93,2015-05-12,1,2000,2000,1.0,,,,
94,2015-05-13,1,2465,2900,,1.0,,,
95,2015-05-19,2,3800,4800,1.0,,1.0,,
96,2015-05-20,1,8500,8500,1.0,,,,
97,2015-05-28,1,2000,2000,1.0,,,,
98,2015-05-29,1,2300,3300,,,1.0,,
99,2015-06-03,1,2600,2600,1.0,,,,
100,2015-06-04,1,1000,2000,,,1.0,,
101,2015-06-05,1,3000,3000,1.0,,,,
102,2015-06-07,2,4400,5400,1.0,,1.0,,
103,2015-06-08,2,5300,5300,2.0,,,,
104,2015-06-09,1,5000,5000,1.0,,,,
105,2015-06-10,2,4600,4600,2.0,,,,
106,2015-06-13,3,21075,24300,1.0,2.0,,,
107,2015-06-14,1,2400,2400,1.0,,,,
108,2015-06-17,1,2000,2000,1.0,,,,
109,2015-06-25,2,3200,4600,,1.0,1.0,,
110,2015-06-26,1,2000,2000,1.0,,,,
111,2015-06-28,1,3300,3300,1.0,,,,
112,2015-06-29,2,5400,5400,2.0,,,,
113,2015-06-30,1,2600,2600,1.0,,,,
114,2015-07-03,1,2400,2400,1.0,,,,
115,2015-07-05,2,4500,5000,1.0,,1.0,,
116,2015-07-07,1,2080,2600,,1.0,,,
117,2015-07-12,2,3200,4200,1.0,,1.0,,
118,2015-07-14,1,1700,2000,,1.0,,,
119,2015-07-15,2,3870,4200,1.0,1.0,,,
120,2015-07-16,3,6600,8100,1.0,,2.0,,
121,2015-07-17,1,2600,2600,1.0,,,,
122,2015-07-18,1,2400,2400,1.0,,,,
123,2015-07-19,4,7980,9200,2.0,1.0,1.0,,
124,2015-07-21,1,5000,5000,1.0,,,,
125,2015-07-23,2,5000,5000,2.0,,,,
126,2015-07-31,1,1600,2600,,,1.0,,
127,2015-08-02,1,2880,3200,,1.0,,,
128,2015-08-03,1,3200,3200,1.0,,,,
129,2015-08-05,1,1600,2600,,,1.0,,
130,2015-08-06,1,2000,2000,1.0,,,,
131,2015-08-08,1,1200,2200,,,1.0,,
132,2015-08-10,1,2600,2600,1.0,,,,
133,2015-08-11,2,4600,5100,1.0,,1.0,,
134,2015-08-12,3,5960,7600,1.0,1.0,1.0,,
135,2015-08-14,2,4020,4600,,2.0,,,
136,2015-08-18,2,5495,5900,1.0,1.0,,,
137,2015-08-19,1,2400,2400,1.0,,,,
138,2015-08-20,1,1000,2000,,,1.0,,
139,2015-08-21,1,3500,3500,1.0,,,,
140,2015-08-24,3,6800,6800,3.0,,,,
141,2015-08-25,2,4470,4800,1.0,1.0,,,
142,2015-08-27,2,5540,5900,1.0,1.0,,,
143,2015-08-30,1,2600,2600,1.0,,,,
144,2015-08-31,1,1200,2200,,,1.0,,
145,2015-09-01,3,9140,10000,1.0,2.0,,,
146,2015-09-02,1,2160,2400,,1.0,,,
147,2015-09-03,2,3600,5100,1.0,,,1.0,
148,2015-09-04,1,3500,3500,1.0,,,,
149,2015-09-07,1,2400,2400,1.0,,,,
150,2015-09-08,4,9420,11900,1.0,1.0,2.0,,
151,2015-09-10,1,3200,3200,1.0,,,,
152,2015-09-15,4,5560,8700,,2.0,1.0,1.0,
153,2015-09-18,3,3500,5500,1.0,,1.0,1.0,
154,2015-09-20,1,2000,2000,1.0,,,,
155,2015-09-21,2,3000,4000,1.0,,1.0,,
156,2015-09-22,6,12700,16200,1.0,1.0,4.0,,
157,2015-09-23,2,6500,7000,1.0,1.0,,,
158,2015-09-25,1,1400,2400,,,1.0,,
159,2015-09-28,1,1400,2400,,,1.0,,
160,2015-10-01,1,4700,4700,1.0,,,,
161,2015-10-02,1,1000,2000,,,1.0,,
162,2015-10-07,1,2160,2400,,1.0,,,
163,2015-10-08,3,6070,7400,1.0,1.0,1.0,,
164,2015-10-10,1,1600,2600,,,1.0,,
165,2015-10-11,2,3500,4000,1.0,,1.0,,
166,2015-10-12,3,6400,7900,1.0,,2.0,,
167,2015-10-15,1,2400,2400,1.0,,,,
168,2015-10-16,1,1400,2400,,,1.0,,
169,2015-10-17,2,4200,4200,2.0,,,,
170,2015-10-19,1,2500,3500,,,1.0,,
171,2015-10-21,1,5000,5000,1.0,,,,
172,2015-10-22,7,12100,15000,1.0,2.0,4.0,,
173,2015-10-23,1,5000,5000,1.0,,,,
174,2015-10-24,1,1600,2600,,,1.0,,
175,2015-10-27,2,4000,4800,1.0,,1.0,,
176,2015-10-28,2,8500,8500,2.0,,,,
177,2015-10-29,4,6500,8000,2.0,,2.0,,
178,2015-10-31,1,1200,2200,,,1.0,,
179,2015-11-01,1,2600,2600,1.0,,,,
180,2015-11-02,3,6900,7400,2.0,,1.0,,
181,2015-11-03,2,3700,5200,,1.0,1.0,,
182,2015-11-04,2,3740,5000,,1.0,1.0,,
183,2015-11-05,1,3300,3300,1.0,,,,
184,2015-11-06,3,6940,7200,2.0,1.0,,,
185,2015-11-08,1,3300,3300,1.0,,,,
186,2015-11-09,3,4100,6600,,,3.0,,
187,2015-11-12,6,19345,22000,1.0,5.0,,,
188,2015-11-16,3,9050,9800,2.0,1.0,,,
189,2015-11-17,1,1600,2600,,,1.0,,
190,2015-11-18,3,9700,10700,2.0,1.0,,,
191,2015-11-19,1,1200,2200,,,1.0,,
192,2015-11-20,1,2400,2400,1.0,,,,
193,2015-11-23,1,2000,2000,1.0,,,,
194,2015-11-24,3,6200,8200,1.0,,2.0,,
195,2015-11-25,2,3400,5400,,,2.0,,
196,2015-11-26,2,7500,7825,1.0,1.0,,,
197,2015-11-27,1,1400,2400,,,1.0,,
198,2015-11-28,2,5920,7400,,2.0,,,
199,2015-11-30,6,9700,14000,,,6.0,,
200,2015-12-01,2,6100,7600,,2.0,,,
201,2015-12-03,1,800,2000,,,,1.0,
202,2015-12-04,2,3200,4000,,1.0,1.0,,
203,2015-12-05,1,2500,2500,1.0,,,,
204,2015-12-06,2,3900,5400,,1.0,1.0,,
205,2015-12-07,2,7000,8000,1.0,,1.0,,
206,2015-12-08,2,4560,5000,1.0,1.0,,,
207,2015-12-09,1,4675,5825,,1.0,,,
208,2015-12-13,4,13570,14900,1.0,3.0,,,
209,2015-12-14,2,5100,5100,2.0,,,,
210,2015-12-15,2,4465,5400,,2.0,,,
211,2015-12-16,3,6740,8400,,3.0,,,
212,2015-12-17,3,8075,8950,1.0,2.0,,,
213,2015-12-18,3,7690,8750,1.0,2.0,,,
214,2015-12-19,5,15540,18450,1.0,3.0,1.0,,
215,2015-12-22,3,6150,8050,,,3.0,,
216,2015-12-23,3,9500,10975,,2.0,1.0,,
217,2015-12-26,1,2000,2325,,1.0,,,
218,2015-12-27,2,3700,4650,,1.0,1.0,,
219,2015-12-28,1,1700,2200,,,1.0,,
220,2015-12-29,2,9500,10325,1.0,1.0,,,
221,2015-12-30,2,6600,7925,1.0,,1.0,,
222,2016-01-02,2,6600,7600,1.0,1.0,,,
223,2016-01-03,1,3000,3000,1.0,,,,
224,2016-01-04,2,4500,4500,2.0,,,,
225,2016-01-06,4,10400,11400,3.0,,1.0,,
226,2016-01-07,1,2600,2600,1.0,,,,
227,2016-01-09,5,11200,12200,3.0,1.0,1.0,,
228,2016-01-11,2,3500,4500,1.0,,1.0,,
229,2016-01-13,1,3300,4300,,,1.0,,
230,2016-01-14,2,4250,4500,1.0,1.0,,,
231,2016-01-15,2,4000,4000,2.0,,,,
232,2016-01-16,2,3600,4900,,1.0,1.0,,
233,2016-01-17,1,1200,2200,,,1.0,,
234,2016-01-18,3,6800,6800,3.0,,,,
235,2016-01-19,3,7400,8900,1.0,1.0,1.0,,
236,2016-01-20,4,6900,10900,,,4.0,,
237,2016-01-21,3,3500,6000,,,2.0,1.0,
238,2016-01-22,2,3200,5200,,,2.0,,
239,2016-01-23,1,2000,2000,1.0,,,,
240,2016-01-25,4,11500,12000,3.0,,1.0,,
241,2016-01-26,3,6600,7600,2.0,,1.0,,
242,2016-01-27,5,12020,13500,3.0,1.0,1.0,,
243,2016-01-28,8,16200,20500,3.0,1.0,4.0,,
244,2016-01-29,1,1000,2000,,,1.0,,
245,2016-01-30,2,5550,5550,2.0,,,,
246,2016-01-31,1,1000,2000,,,1.0,,
247,2016-02-01,3,6200,8200,1.0,,2.0,,
248,2016-02-02,1,1200,2200,,,1.0,,
249,2016-02-03,2,11600,12600,1.0,,1.0,,
250,2016-02-04,5,10300,18800,1.0,,3.0,,1.0
251,2016-02-05,1,1800,2800,,,1.0,,
252,2016-02-07,1,3900,3900,1.0,,,,
253,2016-02-08,2,8800,8800,2.0,,,,
254,2016-02-09,4,12220,13600,1.0,3.0,,,
255,2016-02-10,1,3570,4200,,1.0,,,
256,2016-02-11,6,16150,19650,1.0,2.0,3.0,,
257,2016-02-12,2,5100,5100,2.0,,,,
258,2016-02-13,5,11125,13800,1.0,2.0,2.0,,
259,2016-02-14,2,6500,6500,2.0,,,,
260,2016-02-15,4,5700,8400,1.0,,3.0,,
261,2016-02-16,4,8300,9800,3.0,,1.0,,
262,2016-02-17,2,3800,4800,1.0,,1.0,,
263,2016-02-18,2,4880,5300,1.0,1.0,,,
264,2016-02-19,2,6600,7600,1.0,,1.0,,
265,2016-02-20,2,4800,5800,1.0,,1.0,,
266,2016-02-22,3,6500,7400,1.0,2.0,,,
267,2016-02-23,4,11590,13350,2.0,1.0,1.0,,
268,2016-02-24,3,7150,8150,2.0,,1.0,,
269,2016-02-25,3,7290,7550,2.0,1.0,,,
270,2016-02-26,4,10180,12500,1.0,1.0,2.0,,
271,2016-02-27,6,33900,33900,6.0,,,,
272,2016-02-28,9,21900,25900,4.0,1.0,4.0,,
273,2016-02-29,8,23050,24300,5.0,3.0,,,
274,2016-03-01,8,27150,29510,5.0,2.0,1.0,,
275,2016-03-02,16,47490,51350,10.0,4.0,2.0,,
276,2016-03-03,12,35300,36300,11.0,,1.0,,
277,2016-03-04,16,58150,59500,14.0,1.0,1.0,,
278,2016-03-05,11,35640,38300,7.0,3.0,1.0,,
279,2016-03-06,4,11450,14000,1.0,1.0,2.0,,
280,2016-03-07,3,14940,15200,2.0,1.0,,,
281,2016-03-08,2,6200,6200,2.0,,,,
282,2016-03-09,1,2900,2900,1.0,,,,
283,2016-03-10,2,5100,6100,1.0,,1.0,,
284,2016-03-11,2,5260,5900,,2.0,,,
285,2016-03-12,1,3200,3200,1.0,,,,
286,2016-03-13,1,1900,2900,,,1.0,,
287,2016-03-14,3,10940,11200,2.0,1.0,,,
288,2016-03-16,1,2900,2900,1.0,,,,
289,2016-03-18,4,8900,9200,3.0,1.0,,,
290,2016-03-19,1,2900,2900,1.0,,,,
291,2016-03-21,2,5900,6350,1.0,1.0,,,
292,2016-03-22,1,2965,3400,,1.0,,,
293,2016-03-23,1,2550,3000,,1.0,,,
294,2016-03-24,1,3200,3200,1.0,,,,
295,2016-03-26,1,3500,3500,1.0,,,,
296,2016-03-28,3,5000,8000,,,3.0,,
297,2016-03-29,4,8400,10700,1.0,1.0,2.0,,
298,2016-03-30,4,10740,13000,1.0,1.0,2.0,,
299,2016-04-01,1,2600,2600,1.0,,,,
300,2016-04-03,3,9600,11200,1.0,1.0,1.0,,
301,2016-04-04,2,3900,4900,1.0,,1.0,,
302,2016-04-05,2,4600,4600,2.0,,,,
303,2016-04-07,1,2200,3200,,,1.0,,
304,2016-04-08,1,1600,2600,,,1.0,,
305,2016-04-09,5,14100,15100,3.0,2.0,,,
306,2016-04-11,1,2400,3400,,,1.0,,
307,2016-04-12,4,8300,9300,3.0,,1.0,,
308,2016-04-13,1,1000,2000,,,1.0,,
309,2016-04-14,4,6000,9200,,1.0,3.0,,
310,2016-04-15,1,1900,2900,,,1.0,,
311,2016-04-16,1,2700,3700,,,1.0,,
312,2016-04-17,2,4300,4300,2.0,,,,
313,2016-04-18,2,4510,5800,,1.0,1.0,,
314,2016-04-19,4,8800,9800,2.0,2.0,,,
315,2016-04-22,2,4900,5900,1.0,,1.0,,
316,2016-04-23,2,3900,4900,1.0,,1.0,,
317,2016-04-25,2,6375,6900,1.0,1.0,,,
318,2016-04-26,3,6320,7600,,2.0,1.0,,
319,2016-04-27,1,2300,2300,1.0,,,,
320,2016-04-28,2,1500,3500,,,1.0,1.0,
321,2016-04-29,3,9100,10100,1.0,1.0,1.0,,
322,2016-04-30,1,2300,2300,1.0,,,,
323,2016-05-01,2,3400,4400,1.0,,1.0,,
324,2016-05-02,3,15320,15600,2.0,1.0,,,
325,2016-05-03,2,4500,5500,1.0,,1.0,,
326,2016-05-04,3,6400,8400,,2.0,1.0,,
327,2016-05-05,2,5000,5800,1.0,,1.0,,
328,2016-05-06,5,13030,14400,3.0,1.0,1.0,,
329,2016-05-07,4,11000,11500,3.0,1.0,,,
330,2016-05-08,3,7700,8700,2.0,,1.0,,
331,2016-05-09,3,5600,6000,1.0,2.0,,,
332,2016-05-10,4,9100,10300,2.0,1.0,1.0,,
333,2016-05-11,1,2000,2000,1.0,,,,
334,2016-05-12,3,6800,7800,2.0,,1.0,,
335,2016-05-13,3,6770,8100,1.0,1.0,1.0,,
336,2016-05-14,1,2900,2900,1.0,,,,
337,2016-05-16,1,2070,2300,,1.0,,,
338,2016-05-17,4,11850,14200,1.0,1.0,2.0,,
339,2016-05-18,3,4500,6000,1.0,,2.0,,
340,2016-05-19,4,11100,11600,3.0,,1.0,,
341,2016-05-20,2,4600,4600,2.0,,,,
342,2016-05-21,1,2300,2500,,1.0,,,
343,2016-05-22,3,10670,10900,2.0,1.0,,,
344,2016-05-23,4,8700,10700,2.0,,2.0,,
345,2016-05-24,2,6590,7000,1.0,1.0,,,
346,2016-05-25,1,2900,2900,1.0,,,,
347,2016-05-26,4,8700,8900,3.0,1.0,,,
348,2016-05-27,2,6400,6400,2.0,,,,
349,2016-05-28,1,1500,1500,1.0,,,,
350,2016-05-29,1,1800,2000,,1.0,,,
351,2016-05-30,1,2600,2600,1.0,,,,
352,2016-05-31,2,3700,5700,,,2.0,,
353,2016-06-01,4,10920,13900,,2.0,2.0,,
354,2016-06-03,6,13055,15400,3.0,1.0,2.0,,
355,2016-06-04,1,2890,3400,,1.0,,,
356,2016-06-05,1,1300,2300,,,1.0,,
357,2016-06-06,6,16240,17900,3.0,2.0,1.0,,
358,2016-06-07,4,11240,11500,3.0,1.0,,,
359,2016-06-08,3,8110,8400,2.0,1.0,,,
360,2016-06-10,1,1000,2000,,,1.0,,
361,2016-06-11,1,2210,2600,,1.0,,,
362,2016-06-12,3,6900,7900,2.0,,1.0,,
363,2016-06-13,5,9940,12400,1.0,2.0,2.0,,
364,2016-06-14,3,6700,8700,1.0,,2.0,,
365,2016-06-15,1,1800,2000,,1.0,,,
366,2016-06-16,2,4400,5700,,1.0,1.0,,
367,2016-06-20,2,2000,4000,,,2.0,,
368,2016-06-21,2,9300,9300,2.0,,,,
369,2016-06-22,1,1000,2000,,,1.0,,
370,2016-06-23,3,20850,23400,,3.0,,,
371,2016-06-24,1,10000,10000,1.0,,,,
372,2016-06-25,1,1000,2000,,,1.0,,
373,2016-06-26,1,1800,3600,,,1.0,,
374,2016-06-27,3,6300,6300,3.0,,,,
375,2016-06-28,3,6800,8800,1.0,,2.0,,
376,2016-06-29,2,3900,4900,1.0,,1.0,,
377,2016-06-30,1,3200,3700,,1.0,,,
378,2016-07-01,1,2070,2300,,1.0,,,
379,2016-07-03,2,7300,7800,1.0,1.0,,,
380,2016-07-04,4,9700,10700,3.0,,1.0,,
381,2016-07-05,3,6400,7900,1.0,1.0,1.0,,
382,2016-07-06,2,6400,7400,1.0,,1.0,,
383,2016-07-07,4,8200,29200,2.0,,1.0,,1.0
384,2016-07-08,2,5300,5300,2.0,,,,
385,2016-07-09,3,7000,8300,1.0,1.0,1.0,,
386,2016-07-11,6,15600,17600,4.0,,2.0,,
387,2016-07-12,2,2500,3500,1.0,,1.0,,
388,2016-07-13,8,16680,19900,5.0,1.0,1.0,1.0,
389,2016-07-14,1,2340,2600,,1.0,,,
390,2016-07-16,1,1300,2300,,,1.0,,
391,2016-07-17,1,2100,2600,,1.0,,,
392,2016-07-18,2,6120,6400,1.0,1.0,,,
393,2016-07-19,1,3000,3000,1.0,,,,
394,2016-07-20,2,4600,4600,2.0,,,,
395,2016-07-21,5,9870,12200,2.0,1.0,2.0,,
396,2016-07-24,1,2800,2800,1.0,,,,
397,2016-07-25,1,3150,3500,,1.0,,,
398,2016-07-26,1,2700,2700,1.0,,,,
399,2016-07-27,2,4500,4500,2.0,,,,
400,2016-07-28,4,9430,11700,1.0,1.0,2.0,,
401,2016-07-29,2,4050,6300,,1.0,1.0,,
402,2016-07-30,4,9700,10300,2.0,2.0,,,
403,2016-07-31,1,2800,3300,,1.0,,,
404,2016-08-01,1,1300,2300,,,1.0,,
405,2016-08-02,4,9180,10600,2.0,1.0,1.0,,
406,2016-08-03,3,7500,9500,1.0,1.0,,1.0,
407,2016-08-04,3,8400,8400,3.0,,,,
408,2016-08-05,2,7700,8000,1.0,1.0,,,
409,2016-08-06,1,2500,2500,1.0,,,,
410,2016-08-07,1,1000,2000,,,1.0,,
411,2016-08-08,3,7370,7600,2.0,1.0,,,
412,2016-08-09,2,5565,6000,1.0,1.0,,,
413,2016-08-10,2,5705,6200,1.0,1.0,,,
414,2016-08-13,2,4500,6500,,1.0,,1.0,
415,2016-08-14,1,2000,2500,,1.0,,,
416,2016-08-15,3,8100,9100,2.0,,1.0,,
417,2016-08-16,3,4650,6000,,2.0,1.0,,
418,2016-08-17,2,4000,4000,2.0,,,,
419,2016-08-18,3,6970,8300,1.0,1.0,1.0,,
420,2016-08-19,1,2600,2600,1.0,,,,
421,2016-08-20,1,2070,2300,,1.0,,,
422,2016-08-21,2,3850,4000,1.0,1.0,,,
423,2016-08-22,5,13350,13500,4.0,1.0,,,
424,2016-08-23,3,7200,8400,1.0,1.0,1.0,,
425,2016-08-24,1,1300,2300,,,1.0,,
426,2016-08-25,2,5300,5900,1.0,1.0,,,
427,2016-08-26,2,3900,4900,1.0,,1.0,,
428,2016-08-27,4,8300,10300,2.0,,2.0,,
429,2016-08-29,1,0,2000,,,,,1.0
430,2016-08-30,3,3800,5300,1.0,,1.0,1.0,
431,2016-08-31,2,4600,5600,1.0,,1.0,,
432,2016-09-01,4,11500,12500,3.0,,1.0,,
433,2016-09-02,2,6000,6000,2.0,,,,
434,2016-09-03,2,5830,6200,1.0,1.0,,,
435,2016-09-04,3,8050,8600,1.0,2.0,,,
436,2016-09-05,4,8500,10500,3.0,,,,1.0
437,2016-09-06,1,2975,3500,,1.0,,,
438,2016-09-07,1,2500,2500,1.0,,,,
439,2016-09-08,5,9600,11100,3.0,,2.0,,
440,2016-09-10,2,5060,5600,1.0,1.0,,,
441,2016-09-12,5,9870,10900,2.0,2.0,1.0,,
442,2016-09-13,3,7800,7800,3.0,,,,
443,2016-09-15,1,2880,3600,,1.0,,,
444,2016-09-17,2,4840,5100,1.0,1.0,,,
445,2016-09-18,3,7740,8600,1.0,2.0,,,
446,2016-09-19,7,19680,21200,5.0,1.0,1.0,,
447,2016-09-20,3,7860,8400,2.0,1.0,,,
448,2016-09-21,4,9795,11500,,4.0,,,
449,2016-09-22,3,9265,10700,1.0,1.0,1.0,,
450,2016-09-23,3,7300,7800,2.0,1.0,,,
451,2016-09-24,2,5070,5300,1.0,1.0,,,
452,2016-09-25,2,4550,5000,1.0,1.0,,,
453,2016-09-26,1,1300,2300,,,1.0,,
454,2016-09-27,1,1600,2600,,,1.0,,
455,2016-09-28,4,9500,9900,3.0,1.0,,,
456,2016-09-29,2,4650,6000,,1.0,1.0,,
457,2016-09-30,4,8010,9700,1.0,2.0,1.0,,
458,2016-10-01,2,4900,5900,1.0,,1.0,,
459,2016-10-02,2,4600,4900,1.0,1.0,,,
460,2016-10-03,3,6500,6500,3.0,,,,
461,2016-10-05,4,21900,23800,2.0,2.0,,,
462,2016-10-06,1,1725,2300,,,1.0,,
463,2016-10-07,3,6900,7400,2.0,1.0,,,
464,2016-10-08,2,5700,5700,2.0,,,,
465,2016-10-09,1,2000,2000,1.0,,,,
466,2016-10-10,3,6850,7500,2.0,,1.0,,
467,2016-10-11,6,15800,17100,4.0,1.0,1.0,,
468,2016-10-12,1,2100,2600,,1.0,,,
469,2016-10-13,2,5540,5900,1.0,1.0,,,
470,2016-10-14,2,12200,12700,1.0,1.0,,,
471,2016-10-15,2,4500,4500,2.0,,,,
472,2016-10-16,1,2000,2000,1.0,,,,
473,2016-10-17,2,6480,7200,1.0,1.0,,,
474,2016-10-18,4,9340,11200,1.0,2.0,1.0,,
475,2016-10-19,2,5100,5100,2.0,,,,
476,2016-10-20,2,10200,12100,1.0,1.0,,,
477,2016-10-21,4,13100,13100,4.0,,,,
478,2016-10-23,1,2300,2300,1.0,,,,
479,2016-10-24,5,13500,13800,4.0,1.0,,,
480,2016-10-25,6,18060,19400,3.0,3.0,,,
481,2016-10-26,3,7100,7100,3.0,,,,
482,2016-10-27,9,19540,22800,3.0,3.0,3.0,,
483,2016-10-28,4,9365,11400,,3.0,1.0,,
484,2016-10-29,1,3800,3800,1.0,,,,
485,2016-10-30,2,3600,4600,1.0,,1.0,,
486,2016-10-31,3,9100,10100,2.0,,1.0,,
487,2016-11-01,6,11780,16100,1.0,2.0,3.0,,
488,2016-11-02,6,11540,13500,3.0,2.0,1.0,,
489,2016-11-03,3,7600,9500,1.0,1.0,1.0,,
490,2016-11-04,2,6600,6600,2.0,,,,
491,2016-11-05,2,5600,6600,1.0,,1.0,,
492,2016-11-07,3,6600,7600,2.0,,1.0,,
493,2016-11-08,3,9700,9700,3.0,,,,
494,2016-11-09,4,11100,12600,2.0,,2.0,,
495,2016-11-11,3,9700,10700,2.0,,1.0,,
496,2016-11-12,2,4550,5300,,2.0,,,
497,2016-11-13,2,6000,8000,,1.0,1.0,,
498,2016-11-14,4,11200,12200,3.0,,1.0,,
499,2016-11-15,5,14100,15100,4.0,,1.0,,
500,2016-11-16,3,7830,8800,1.0,2.0,,,
501,2016-11-17,6,14075,16900,3.0,,3.0,,
502,2016-11-18,3,9550,11200,1.0,1.0,1.0,,
503,2016-11-19,1,3300,4300,,,1.0,,
504,2016-11-20,1,3700,3700,1.0,,,,
505,2016-11-21,10,31600,34700,5.0,3.0,2.0,,
506,2016-11-22,7,18590,21800,2.0,3.0,2.0,,
507,2016-11-23,2,3000,5000,,,2.0,,
508,2016-11-24,5,10510,11400,3.0,1.0,1.0,,
509,2016-11-25,14,35875,44000,,11.0,3.0,,
510,2016-11-26,3,16250,18800,,3.0,,,
511,2016-11-27,8,31440,37700,,7.0,1.0,,
512,2016-11-28,10,25720,32700,,9.0,1.0,,
513,2016-11-29,5,10400,13000,,5.0,,,
514,2016-11-30,2,6300,7300,1.0,1.0,,,
515,2016-12-01,3,9700,11200,1.0,1.0,1.0,,
516,2016-12-02,2,6400,6400,2.0,,,,
517,2016-12-03,1,4500,5000,,1.0,,,
518,2016-12-04,2,5300,5300,2.0,,,,
519,2016-12-05,4,10000,12000,2.0,,2.0,,
520,2016-12-06,7,23650,26900,2.0,4.0,1.0,,
521,2016-12-07,3,8900,9900,2.0,,1.0,,
522,2016-12-08,1,1700,2000,,1.0,,,
523,2016-12-09,2,6200,6200,2.0,,,,
524,2016-12-10,3,6080,6600,2.0,1.0,,,
525,2016-12-11,2,6300,6300,2.0,,,,
526,2016-12-12,8,19200,23200,3.0,2.0,3.0,,
527,2016-12-13,8,27615,32100,1.0,4.0,3.0,,
528,2016-12-14,6,15340,18700,1.0,3.0,2.0,,
529,2016-12-15,13,32770,40400,2.0,7.0,4.0,,
530,2016-12-16,8,21540,27000,1.0,4.0,3.0,,
531,2016-12-17,2,4800,6000,,2.0,,,
532,2016-12-18,6,16340,21400,1.0,2.0,2.0,1.0,
533,2016-12-19,7,16620,21500,,4.0,3.0,,
534,2016-12-20,5,21405,24400,1.0,3.0,1.0,,
535,2016-12-21,11,28640,34600,1.0,9.0,1.0,,
536,2016-12-22,9,28100,31700,3.0,6.0,,,
537,2016-12-23,1,3050,3500,,1.0,,,
538,2016-12-25,1,3500,3500,1.0,,,,
539,2016-12-26,3,7100,8600,1.0,1.0,1.0,,
540,2016-12-27,1,1800,2000,,1.0,,,
541,2016-12-28,2,6600,7100,1.0,1.0,,,
542,2016-12-29,4,10800,12300,2.0,,2.0,,
543,2016-12-30,2,21600,21600,2.0,,,,
544,2016-12-31,1,2000,2000,1.0,,,,
545,2017-01-01,5,11800,13900,3.0,1.0,,1.0,
546,2017-01-02,3,12550,13000,2.0,1.0,,,
547,2017-01-03,3,5805,7200,,2.0,1.0,,
548,2017-01-04,2,4070,4300,1.0,1.0,,,
549,2017-01-05,6,17560,19300,3.0,3.0,,,
550,2017-01-06,11,23140,26900,3.0,4.0,4.0,,
551,2017-01-07,2,8600,9000,1.0,1.0,,,
552,2017-01-08,1,2000,2000,1.0,,,,
553,2017-01-09,2,5450,5700,1.0,1.0,,,
554,2017-01-10,4,8000,9000,2.0,1.0,1.0,,
555,2017-01-11,3,6350,7000,1.0,2.0,,,
556,2017-01-12,2,4700,5700,,2.0,,,
557,2017-01-13,3,6055,6600,1.0,2.0,,,
558,2017-01-14,2,5100,5100,2.0,,,,
559,2017-01-15,2,4000,6000,,,2.0,,
560,2017-01-16,2,4840,5100,1.0,1.0,,,
561,2017-01-17,4,11950,12300,3.0,1.0,,,
562,2017-01-18,4,9340,11800,1.0,1.0,2.0,,
563,2017-01-19,9,23640,27400,2.0,5.0,2.0,,
564,2017-01-20,4,12740,13000,3.0,1.0,,,
565,2017-01-21,1,1700,2000,,1.0,,,
566,2017-01-22,3,10550,11000,2.0,1.0,,,
567,2017-01-23,5,12100,15900,,2.0,3.0,,
568,2017-01-24,7,17850,21300,2.0,3.0,2.0,,
569,2017-01-25,2,5330,6200,,2.0,,,
570,2017-01-26,8,19270,21400,4.0,3.0,1.0,,
571,2017-01-27,4,10900,11100,3.0,1.0,,,
572,2017-01-28,4,9620,11400,1.0,3.0,,,
573,2017-01-29,4,8725,10800,1.0,1.0,2.0,,
574,2017-01-30,7,18000,21500,2.0,3.0,2.0,,
575,2017-01-31,6,12600,16000,2.0,,4.0,,
576,2017-02-01,10,26050,29700,3.0,5.0,2.0,,
577,2017-02-02,5,12000,15100,1.0,1.0,3.0,,
578,2017-02-03,8,19570,22900,3.0,3.0,2.0,,
579,2017-02-04,1,2800,2800,1.0,,,,
580,2017-02-05,5,14970,15200,4.0,1.0,,,
581,2017-02-06,1,3400,3400,1.0,,,,
582,2017-02-07,7,17245,20800,1.0,3.0,3.0,,
583,2017-02-08,6,21450,21900,5.0,1.0,,,
584,2017-02-09,8,23765,27500,1.0,6.0,1.0,,
585,2017-02-10,11,37680,43100,2.0,8.0,1.0,,
586,2017-02-11,8,32760,37100,2.0,5.0,1.0,,
587,2017-02-12,14,48180,56800,4.0,4.0,6.0,,
588,2017-02-13,23,71855,84500,6.0,11.0,6.0,,
589,2017-02-14,4,11400,13900,1.0,,3.0,,
590,2017-02-15,2,4900,4900,2.0,,,,
591,2017-02-16,7,15000,18100,3.0,2.0,2.0,,
592,2017-02-17,2,7100,7100,2.0,,,,
593,2017-02-18,2,7970,9300,,2.0,,,
594,2017-02-19,5,14080,14800,3.0,2.0,,,
595,2017-02-20,5,17800,19100,3.0,1.0,1.0,,
596,2017-02-21,7,17650,19000,3.0,3.0,1.0,,
597,2017-02-22,5,10410,11400,2.0,2.0,1.0,,
598,2017-02-23,7,33620,36600,2.0,5.0,,,
599,2017-02-24,1,2000,2000,1.0,,,,
600,2017-02-25,3,7400,8400,1.0,2.0,,,
601,2017-02-26,6,14000,16100,2.0,3.0,1.0,,
602,2017-02-27,10,21200,25300,4.0,3.0,2.0,1.0,
603,2017-02-28,5,14470,15700,3.0,1.0,1.0,,
604,2017-03-01,7,43900,44900,6.0,,1.0,,
605,2017-03-02,2,3000,4000,1.0,,1.0,,
606,2017-03-03,5,14205,16700,2.0,2.0,1.0,,
607,2017-03-04,1,2500,2500,1.0,,,,
608,2017-03-05,5,12800,13700,2.0,3.0,,,
609,2017-03-06,10,23910,26000,6.0,2.0,2.0,,
610,2017-03-07,6,13550,17000,2.0,2.0,1.0,1.0,
611,2017-03-08,9,26850,30050,4.0,2.0,3.0,,
612,2017-03-09,10,38040,44500,3.0,5.0,2.0,,
613,2017-03-10,2,7900,7900,2.0,,,,
614,2017-03-11,7,21320,23300,4.0,2.0,1.0,,
615,2017-03-12,3,5940,6900,1.0,1.0,1.0,,
616,2017-03-13,5,10000,12300,2.0,1.0,2.0,,
617,2017-03-14,17,42970,49650,5.0,7.0,5.0,,
618,2017-03-15,9,26630,30900,,7.0,2.0,,
619,2017-03-16,11,29670,33700,4.0,5.0,2.0,,
620,2017-03-17,8,21650,24100,3.0,4.0,1.0,,
621,2017-03-18,11,29790,32800,3.0,6.0,2.0,,
622,2017-03-19,20,57170,66900,3.0,11.0,6.0,,
623,2017-03-20,26,76255,84900,5.0,19.0,2.0,,
624,2017-03-21,26,67400,91900,8.0,16.0,1.0,,1.0
625,2017-03-22,28,84465,96000,7.0,15.0,6.0,,
626,2017-03-23,35,105740,118400,9.0,20.0,5.0,1.0,
627,2017-03-24,35,130510,141300,14.0,18.0,3.0,,
628,2017-03-25,3,12220,12600,2.0,1.0,,,
629,2017-03-26,4,19200,21200,2.0,1.0,1.0,,
630,2017-03-27,4,10000,10800,2.0,2.0,,,
631,2017-03-28,3,15230,15800,2.0,1.0,,,
632,2017-03-29,4,13000,14800,2.0,1.0,1.0,,
633,2017-03-30,3,6480,8000,1.0,1.0,1.0,,
634,2017-03-31,5,13720,14600,3.0,2.0,,,
635,2017-04-01,1,3060,3400,,1.0,,,
636,2017-04-02,1,3200,3200,1.0,,,,
637,2017-04-03,4,9900,11900,2.0,,2.0,,
638,2017-04-04,6,20180,22300,2.0,2.0,2.0,,
639,2017-04-05,10,18360,25500,3.0,1.0,5.0,,1.0
640,2017-04-06,5,16000,17400,3.0,1.0,1.0,,
641,2017-04-07,2,5380,6700,,1.0,1.0,,
642,2017-04-09,2,5400,5900,1.0,1.0,,,
643,2017-04-10,10,28885,32600,2.0,8.0,,,
644,2017-04-11,8,20740,24000,3.0,3.0,2.0,,
645,2017-04-12,1,1700,2700,,,1.0,,
646,2017-04-13,3,5860,7600,,1.0,2.0,,
647,2017-04-15,1,2400,2400,1.0,,,,
648,2017-04-17,5,11110,12900,1.0,2.0,2.0,,
649,2017-04-18,4,9630,10200,2.0,2.0,,,
650,2017-04-19,10,26020,29500,2.0,6.0,2.0,,
651,2017-04-20,4,9200,10000,2.0,2.0,,,
652,2017-04-21,6,13535,15800,2.0,3.0,1.0,,
653,2017-04-22,2,3000,4000,1.0,,1.0,,
654,2017-04-23,6,14100,15400,4.0,1.0,1.0,,
655,2017-04-24,4,7130,10400,,1.0,3.0,,
656,2017-04-25,5,17260,17600,4.0,1.0,,,
657,2017-04-26,6,15080,16200,2.0,4.0,,,
658,2017-04-27,5,18900,19700,3.0,2.0,,,
659,2017-04-28,3,7000,8300,1.0,1.0,1.0,,
660,2017-04-29,2,3860,5100,,1.0,1.0,,
661,2017-04-30,7,18630,20400,4.0,2.0,1.0,,
662,2017-05-01,4,9650,12000,1.0,1.0,2.0,,
663,2017-05-02,3,9000,10000,2.0,,1.0,,
664,2017-05-03,7,17300,20000,3.0,1.0,3.0,,
665,2017-05-04,6,16640,20200,1.0,2.0,3.0,,
666,2017-05-05,6,16150,18400,2.0,3.0,1.0,,
667,2017-05-06,4,10500,12500,2.0,,2.0,,
668,2017-05-07,5,15380,18400,,4.0,1.0,,
669,2017-05-08,8,20000,23000,3.0,4.0,1.0,,
670,2017-05-09,7,16890,20400,2.0,2.0,3.0,,
671,2017-05-10,9,31090,35900,2.0,4.0,3.0,,
672,2017-05-11,6,14630,16400,2.0,3.0,1.0,,
673,2017-05-12,3,8550,9500,1.0,2.0,,,
674,2017-05-13,3,8400,9400,2.0,,1.0,,
675,2017-05-14,6,16660,18600,2.0,3.0,1.0,,
676,2017-05-15,9,24405,27100,5.0,3.0,1.0,,
677,2017-05-16,4,11650,12500,1.0,3.0,,,
678,2017-05-17,4,12220,13500,1.0,3.0,,,
679,2017-05-18,5,11180,13900,1.0,2.0,2.0,,
680,2017-05-19,5,14900,15900,4.0,,1.0,,
681,2017-05-21,1,1000,2000,,,1.0,,
682,2017-05-22,4,11130,11400,3.0,1.0,,,
683,2017-05-23,5,17350,18800,2.0,2.0,1.0,,
684,2017-05-24,6,14300,15800,4.0,,2.0,,
685,2017-05-25,8,19310,20700,4.0,3.0,1.0,,
686,2017-05-26,4,13220,13600,3.0,1.0,,,
687,2017-05-28,2,6730,7000,1.0,1.0,,,
688,2017-05-29,5,14900,15900,4.0,,1.0,,
689,2017-05-30,15,38460,46300,3.0,8.0,4.0,,
690,2017-05-31,4,16595,18500,2.0,2.0,,,
691,2017-06-01,5,11960,14100,1.0,2.0,2.0,,
692,2017-06-02,4,12900,13900,3.0,,1.0,,
693,2017-06-03,3,6050,8000,,1.0,2.0,,
694,2017-06-04,4,10405,13000,1.0,1.0,2.0,,
695,2017-06-05,7,15780,19000,2.0,2.0,3.0,,
696,2017-06-06,6,17950,21900,2.0,1.0,3.0,,
697,2017-06-07,9,23470,26900,2.0,5.0,2.0,,
698,2017-06-08,6,16820,18900,2.0,3.0,1.0,,
699,2017-06-09,4,10000,11000,2.0,2.0,,,
700,2017-06-10,1,1800,2000,,1.0,,,
701,2017-06-11,2,5000,5000,2.0,,,,
702,2017-06-12,6,15890,16400,5.0,1.0,,,
703,2017-06-13,5,17000,18000,4.0,,1.0,,
704,2017-06-14,3,6505,8000,1.0,1.0,1.0,,
705,2017-06-15,7,15900,20800,,4.0,3.0,,
706,2017-06-16,6,18085,22900,,4.0,2.0,,
707,2017-06-17,2,5900,6900,1.0,,1.0,,
708,2017-06-18,3,28990,33800,1.0,2.0,,,
709,2017-06-19,4,11670,12900,1.0,3.0,,,
710,2017-06-20,12,28000,34900,2.0,7.0,3.0,,
711,2017-06-21,4,8240,9200,2.0,2.0,,,
712,2017-06-22,4,11000,13200,1.0,2.0,1.0,,
713,2017-06-23,3,5440,8600,,,3.0,,
714,2017-06-24,3,8130,9600,,3.0,,,
715,2017-06-25,4,7160,8800,1.0,2.0,1.0,,
716,2017-06-26,9,20490,22800,4.0,3.0,2.0,,
717,2017-06-27,9,22100,26600,4.0,1.0,4.0,,
718,2017-06-28,5,11595,14300,1.0,2.0,2.0,,
719,2017-06-29,4,12000,13300,1.0,3.0,,,
720,2017-07-01,2,5720,6600,,2.0,,,
721,2017-07-02,4,9350,12600,,,4.0,,
722,2017-07-03,8,20650,23800,3.0,3.0,2.0,,
723,2017-07-04,4,9570,10300,1.0,3.0,,,
724,2017-07-05,6,16910,18400,3.0,3.0,,,
725,2017-07-06,8,21380,25500,1.0,4.0,3.0,,
726,2017-07-07,6,12830,14400,2.0,3.0,1.0,,
727,2017-07-08,3,8355,9300,1.0,2.0,,,
728,2017-07-09,3,7400,8200,1.0,2.0,,,
729,2017-07-10,7,18910,23200,,5.0,2.0,,
730,2017-07-11,5,12020,16400,1.0,2.0,2.0,,
731,2017-07-12,4,11315,13100,1.0,2.0,1.0,,
732,2017-07-13,7,13910,18900,,4.0,3.0,,
733,2017-07-14,9,42400,43300,7.0,2.0,,,
734,2017-07-15,8,9900,21800,1.0,,2.0,5.0,
735,2017-07-16,6,17645,20000,3.0,2.0,1.0,,
736,2017-07-17,2,17300,17300,2.0,,,,
737,2017-07-18,4,12610,13800,1.0,3.0,,,
738,2017-07-19,4,7400,9400,2.0,,2.0,,
739,2017-07-20,3,7500,8400,1.0,2.0,,,
740,2017-07-21,1,2550,3000,,1.0,,,
741,2017-07-22,1,1980,2200,,1.0,,,
742,2017-07-23,2,6840,7600,,2.0,,,
743,2017-07-24,3,14100,14100,3.0,,,,
744,2017-07-25,6,12350,16700,,2.0,4.0,,
745,2017-07-26,7,17990,22200,,5.0,2.0,,
746,2017-07-27,13,29710,35600,5.0,3.0,5.0,,
747,2017-07-28,7,15000,19000,3.0,,4.0,,
748,2017-07-29,1,3060,3600,,1.0,,,
749,2017-07-30,2,5760,6000,1.0,1.0,,,
750,2017-07-31,5,16645,17800,3.0,1.0,1.0,,
751,2017-08-01,9,21380,25700,3.0,3.0,3.0,,
752,2017-08-02,6,13900,16500,3.0,,3.0,,
753,2017-08-03,9,43550,49500,2.0,5.0,2.0,,
754,2017-08-04,5,18720,19600,3.0,2.0,,,
755,2017-08-05,2,4630,6200,,1.0,1.0,,
756,2017-08-06,2,2700,4000,,1.0,1.0,,
757,2017-08-07,3,6060,8600,,1.0,2.0,,
758,2017-08-08,3,5500,7400,,1.0,2.0,,
759,2017-08-09,4,10030,11200,1.0,3.0,,,
760,2017-08-10,6,16155,18700,1.0,5.0,,,
761,2017-08-11,2,3300,4800,,1.0,1.0,,
762,2017-08-12,2,5500,6000,1.0,,1.0,,
763,2017-08-13,3,5005,7300,,1.0,2.0,,
764,2017-08-14,10,26840,30400,3.0,5.0,2.0,,
765,2017-08-15,10,22420,26900,3.0,4.0,2.0,1.0,
766,2017-08-16,10,28390,32000,2.0,7.0,1.0,,
767,2017-08-17,6,14420,16300,2.0,3.0,1.0,,
768,2017-08-18,1,1000,2000,,,1.0,,
769,2017-08-20,3,5500,8500,1.0,,1.0,,1.0
770,2017-08-21,5,13890,16600,1.0,3.0,1.0,,
771,2017-08-22,8,16915,21500,1.0,4.0,3.0,,
772,2017-08-23,5,11850,12700,3.0,2.0,,,
773,2017-08-24,5,8610,10600,2.0,1.0,2.0,,
774,2017-08-25,5,11430,14400,1.0,1.0,3.0,,
775,2017-08-26,1,1980,2200,,1.0,,,
776,2017-08-27,4,10080,10600,2.0,2.0,,,
777,2017-08-28,4,8330,11700,,1.0,3.0,,
778,2017-08-29,5,17200,18000,3.0,2.0,,,
779,2017-08-30,13,30200,38200,2.0,5.0,6.0,,
780,2017-08-31,13,38360,45400,4.0,5.0,4.0,,
781,2017-09-01,5,12660,16500,1.0,3.0,,1.0,
782,2017-09-02,1,2550,3000,,1.0,,,
783,2017-09-03,2,5740,6100,1.0,1.0,,,
784,2017-09-04,1,2300,3300,,,1.0,,
785,2017-09-05,13,28455,34000,1.0,10.0,2.0,,
786,2017-09-06,9,19800,23400,2.0,6.0,1.0,,
787,2017-09-07,5,9380,11800,1.0,2.0,2.0,,
788,2017-09-08,4,18325,19500,2.0,2.0,,,
789,2017-09-09,2,4800,5400,,2.0,,,
790,2017-09-10,4,10370,12200,1.0,2.0,1.0,,
791,2017-09-11,14,40600,47200,3.0,8.0,3.0,,
792,2017-09-12,7,16750,17500,4.0,3.0,,,
793,2017-09-13,4,13020,14600,1.0,2.0,1.0,,
794,2017-09-14,10,22410,26000,5.0,2.0,3.0,,
795,2017-09-15,4,9200,10700,2.0,,2.0,,
796,2017-09-16,5,12900,13600,3.0,2.0,,,
797,2017-09-17,2,3500,5000,,,2.0,,
798,2017-09-18,11,25570,29600,1.0,9.0,1.0,,
799,2017-09-19,4,16000,18800,1.0,3.0,,,
800,2017-09-20,8,20300,22500,4.0,2.0,2.0,,
801,2017-09-21,11,27640,30800,6.0,3.0,2.0,,
802,2017-09-22,11,24560,31000,1.0,5.0,5.0,,
803,2017-09-23,3,7200,8000,1.0,2.0,,,
804,2017-09-24,2,5355,6300,,2.0,,,
805,2017-09-25,3,5980,7200,,2.0,1.0,,
806,2017-09-26,7,18770,21200,3.0,3.0,1.0,,
807,2017-09-27,5,15630,18000,1.0,3.0,1.0,,
808,2017-09-28,11,23075,29800,,6.0,5.0,,
809,2017-09-29,11,31090,36700,3.0,4.0,4.0,,
810,2017-09-30,1,3300,3300,1.0,,,,
811,2017-10-01,3,12100,13000,1.0,2.0,,,
812,2017-10-02,6,15460,16900,2.0,4.0,,,
813,2017-10-03,9,23675,28300,2.0,4.0,3.0,,
814,2017-10-04,10,21325,24600,4.0,3.0,3.0,,
815,2017-10-05,9,45110,48500,3.0,5.0,1.0,,
816,2017-10-06,9,22550,24200,5.0,4.0,,,
817,2017-10-07,5,11800,13100,3.0,1.0,1.0,,
818,2017-10-08,6,12520,14200,2.0,3.0,1.0,,
819,2017-10-09,4,11480,12700,2.0,2.0,,,
820,2017-10-10,10,21270,25900,1.0,6.0,3.0,,
821,2017-10-11,3,7360,8800,1.0,1.0,1.0,,
822,2017-10-12,6,17670,19400,3.0,3.0,,,
823,2017-10-13,5,13300,13600,4.0,1.0,,,
824,2017-10-14,3,9950,12400,,2.0,1.0,,
825,2017-10-15,5,17900,19100,3.0,2.0,,,
826,2017-10-16,10,27180,32300,2.0,5.0,3.0,,
827,2017-10-17,12,29705,35200,2.0,7.0,3.0,,
828,2017-10-18,4,13020,14200,1.0,3.0,,,
829,2017-10-19,3,10430,11800,,3.0,,,
830,2017-10-20,8,26075,28400,4.0,3.0,1.0,,
831,2017-10-21,1,1500,2000,,,1.0,,
832,2017-10-22,4,8560,9800,2.0,1.0,1.0,,
833,2017-10-23,7,18050,20300,2.0,4.0,1.0,,
834,2017-10-24,1,1800,2000,,1.0,,,
835,2017-10-25,1,3800,3800,1.0,,,,
836,2017-10-26,11,22052,29200,2.0,3.0,6.0,,
837,2017-10-27,3,10630,12100,1.0,2.0,,,
838,2017-10-28,1,2500,2500,1.0,,,,
839,2017-10-29,1,2200,2200,1.0,,,,
840,2017-10-30,11,26340,31800,3.0,5.0,3.0,,
841,2017-10-31,9,24490,27300,4.0,4.0,1.0,,
842,2017-11-01,5,10890,13200,1.0,3.0,1.0,,
843,2017-11-02,5,11065,13300,1.0,3.0,1.0,,
844,2017-11-03,6,16900,18400,3.0,3.0,,,
845,2017-11-04,1,3000,3000,1.0,,,,
846,2017-11-05,6,13650,16700,2.0,1.0,3.0,,
847,2017-11-06,2,4490,6000,,1.0,1.0,,
848,2017-11-07,9,23650,25200,6.0,2.0,1.0,,
849,2017-11-08,12,29506,35000,3.0,6.0,3.0,,
850,2017-11-09,9,20395,23100,3.0,5.0,1.0,,
851,2017-11-10,6,14430,17900,1.0,3.0,2.0,,
852,2017-11-11,3,9000,10000,1.0,2.0,,,
853,2017-11-12,5,10701,13000,2.0,1.0,2.0,,
854,2017-11-13,4,8860,9800,1.0,3.0,,,
855,2017-11-14,9,23400,27700,3.0,3.0,3.0,,
856,2017-11-15,8,21430,24200,3.0,3.0,2.0,,
857,2017-11-16,6,15045,17600,1.0,4.0,1.0,,
858,2017-11-17,2,4200,6200,,,2.0,,
859,2017-11-18,1,3200,3200,1.0,,,,
860,2017-11-19,4,11030,12400,1.0,3.0,,,
861,2017-11-20,7,17829,21200,,6.0,1.0,,
862,2017-11-21,9,25850,28000,4.0,5.0,,,
863,2017-11-22,7,19570,22700,3.0,2.0,2.0,,
864,2017-11-23,9,24250,27100,2.0,5.0,2.0,,
865,2017-11-24,8,22700,26700,,7.0,1.0,,
866,2017-11-25,8,18200,22700,,4.0,4.0,,
867,2017-11-26,3,7720,8300,1.0,2.0,,,
868,2017-11-27,20,52730,70900,,12.0,8.0,,
869,2017-11-28,21,51600,65700,,18.0,3.0,,
870,2017-11-29,8,21825,26100,2.0,3.0,3.0,,
871,2017-11-30,4,12870,15200,1.0,3.0,,,
872,2017-12-01,11,29260,32600,4.0,5.0,2.0,,
873,2017-12-02,1,3500,3500,1.0,,,,
874,2017-12-03,6,23640,25600,2.0,4.0,,,
875,2017-12-04,11,28730,34200,2.0,5.0,4.0,,
876,2017-12-05,5,12200,13200,4.0,,1.0,,
877,2017-12-06,4,9300,10800,2.0,1.0,1.0,,
878,2017-12-07,8,24100,28700,1.0,4.0,3.0,,
879,2017-12-08,4,13620,14000,3.0,1.0,,,
880,2017-12-10,5,19470,21500,1.0,3.0,1.0,,
881,2017-12-11,10,36205,39500,6.0,1.0,2.0,1.0,
882,2017-12-12,7,42260,47800,1.0,5.0,1.0,,
883,2017-12-13,6,35150,38900,2.0,4.0,,,
884,2017-12-14,37,123950,144300,6.0,26.0,4.0,1.0,
885,2017-12-15,10,27665,33400,1.0,7.0,2.0,,
886,2017-12-16,7,22300,25300,2.0,4.0,1.0,,
887,2017-12-17,17,48425,57900,3.0,8.0,6.0,,
888,2017-12-18,15,46048,57200,,8.0,6.0,1.0,
889,2017-12-19,17,53185,61700,6.0,7.0,4.0,,
890,2017-12-20,13,42785,47500,4.0,7.0,2.0,,
891,2017-12-21,18,54475,65600,2.0,9.0,7.0,,
892,2017-12-22,3,9860,10100,2.0,1.0,,,
893,2017-12-24,5,10050,13300,3.0,1.0,,,1.0
894,2017-12-25,1,2400,2400,1.0,,,,
895,2017-12-26,5,23895,26700,1.0,4.0,,,
896,2017-12-27,6,18642,20900,2.0,4.0,,,
897,2017-12-28,2,6000,7000,,2.0,,,
898,2017-12-29,1,2200,2200,1.0,,,,
899,2017-12-30,3,8890,10100,,3.0,,,
900,2017-12-31,1,6000,6000,1.0,,,,
901,2018-01-01,3,7245,7900,1.0,2.0,,,
902,2018-01-02,10,26457,30700,4.0,3.0,3.0,,
903,2018-01-03,7,16740,17500,4.0,3.0,,,
904,2018-01-04,4,17395,18300,2.0,1.0,1.0,,
905,2018-01-05,6,13500,18400,2.0,2.0,1.0,,1.0
906,2018-01-06,4,7860,9600,1.0,2.0,1.0,,
907,2018-01-07,3,6525,8500,,2.0,1.0,,
908,2018-01-08,8,25005,26000,6.0,2.0,,,
909,2018-01-09,12,36611,40100,4.0,8.0,,,
910,2018-01-10,6,14760,16600,1.0,5.0,,,
911,2018-01-11,9,37540,43400,2.0,4.0,2.0,1.0,
912,2018-01-12,10,24210,27700,2.0,5.0,3.0,,
913,2018-01-13,6,14260,15000,4.0,1.0,1.0,,
914,2018-01-14,5,14460,16100,2.0,3.0,,,
915,2018-01-15,7,18300,21100,2.0,4.0,1.0,,
916,2018-01-16,5,13140,14300,2.0,3.0,,,
917,2018-01-17,6,15650,17100,4.0,1.0,1.0,,
918,2018-01-18,11,26645,30000,3.0,8.0,,,
919,2018-01-19,3,7670,8500,1.0,2.0,,,
920,2018-01-20,3,7100,8400,1.0,1.0,1.0,,
921,2018-01-21,4,10780,11600,2.0,2.0,,,
922,2018-01-22,7,16250,18800,1.0,5.0,1.0,,
923,2018-01-23,7,18580,22100,1.0,5.0,1.0,,
924,2018-01-24,2,14805,18300,,2.0,,,
925,2018-01-25,10,25315,30300,3.0,4.0,3.0,,
926,2018-01-26,3,5500,8500,,,3.0,,
927,2018-01-28,4,15000,15500,3.0,1.0,,,
928,2018-01-29,12,38490,40100,7.0,5.0,,,
929,2018-01-30,8,21350,23900,2.0,5.0,1.0,,
930,2018-01-31,8,21190,24300,2.0,6.0,,,
931,2018-02-01,14,38667,40700,10.0,3.0,1.0,,
932,2018-02-02,6,15435,18200,,5.0,1.0,,
933,2018-02-03,6,17860,19200,3.0,3.0,,,
934,2018-02-04,6,18855,20400,3.0,3.0,,,
935,2018-02-05,13,31701,37100,2.0,7.0,4.0,,
936,2018-02-06,10,32530,36300,4.0,3.0,3.0,,
937,2018-02-07,510,1061664,1530800,4.0,4.0,502.0,,
938,2018-02-08,17,48305,54800,7.0,7.0,3.0,,
939,2018-02-09,12,33692,38900,3.0,5.0,4.0,,
940,2018-02-10,10,32190,38200,2.0,5.0,3.0,,
941,2018-02-11,9,29395,34000,5.0,3.0,,,1.0
942,2018-02-12,28,78856,95100,6.0,12.0,10.0,,
943,2018-02-13,20,69144,76700,7.0,11.0,2.0,,
944,2018-02-14,4,13785,14700,2.0,2.0,,,
945,2018-02-15,7,18870,20400,3.0,2.0,2.0,,
946,2018-02-16,12,33100,35400,7.0,5.0,,,
947,2018-02-17,3,8320,9200,1.0,2.0,,,
948,2018-02-18,7,16936,19500,1.0,5.0,1.0,,
949,2018-02-19,11,31870,34400,4.0,5.0,2.0,,
950,2018-02-20,11,28700,31800,3.0,8.0,,,
951,2018-02-21,9,26150,29800,3.0,3.0,3.0,,
952,2018-02-22,12,30340,34300,7.0,3.0,2.0,,
953,2018-02-23,9,26920,29300,5.0,2.0,2.0,,
954,2018-02-24,1,3100,3100,1.0,,,,
955,2018-02-25,13,58170,62500,4.0,8.0,1.0,,
956,2018-02-26,10,22516,26200,5.0,2.0,2.0,1.0,
957,2018-02-27,11,30265,34800,4.0,6.0,1.0,,
958,2018-02-28,8,24140,26800,4.0,2.0,2.0,,
959,2018-03-01,9,21330,25000,4.0,3.0,2.0,,
960,2018-03-02,20,47700,62500,4.0,10.0,3.0,1.0,2.0
961,2018-03-03,19,68284,74900,8.0,9.0,2.0,,
962,2018-03-04,34,99450,107800,14.0,20.0,,,
963,2018-03-05,54,151527,177600,9.0,37.0,7.0,,1.0
964,2018-03-06,60,157687,184300,16.0,31.0,13.0,,
965,2018-03-07,65,189077,218400,15.0,39.0,11.0,,
966,2018-03-08,49,148982,168200,12.0,32.0,5.0,,
967,2018-03-09,33,108890,118100,18.0,12.0,3.0,,
968,2018-03-10,6,27280,28400,3.0,3.0,,,
969,2018-03-11,6,16115,17200,3.0,3.0,,,
970,2018-03-12,12,35590,39000,6.0,5.0,1.0,,
971,2018-03-13,5,12200,17000,1.0,3.0,,,1.0
972,2018-03-14,7,18560,21400,2.0,3.0,2.0,,
973,2018-03-15,7,17755,20200,1.0,5.0,1.0,,
974,2018-03-16,5,14193,15800,2.0,3.0,,,
975,2018-03-17,6,18420,19500,4.0,2.0,,,
976,2018-03-18,3,12600,13900,1.0,1.0,1.0,,
977,2018-03-19,7,18260,20800,2.0,4.0,1.0,,
978,2018-03-20,35,81393,95000,6.0,28.0,1.0,,
979,2018-03-21,5,12730,14600,2.0,2.0,1.0,,
980,2018-03-22,12,31640,36100,6.0,4.0,2.0,,
981,2018-03-23,9,29120,32800,3.0,6.0,,,
982,2018-03-24,4,10600,11100,3.0,1.0,,,
983,2018-03-25,8,19900,22300,4.0,2.0,2.0,,
984,2018-03-26,8,18815,22100,2.0,4.0,2.0,,
985,2018-03-27,7,17330,19700,3.0,3.0,1.0,,
986,2018-03-28,19,57220,63000,6.0,13.0,,,
987,2018-03-29,5,17720,20500,1.0,3.0,1.0,,
988,2018-03-30,6,13325,17400,2.0,3.0,,,1.0
989,2018-03-31,6,17600,19100,4.0,1.0,1.0,,
990,2018-04-01,2,5400,5400,2.0,,,,
991,2018-04-02,5,13680,14800,2.0,3.0,,,
992,2018-04-03,9,21140,23900,5.0,2.0,2.0,,
993,2018-04-04,4,9670,9900,3.0,1.0,,,
994,2018-04-05,12,38010,41600,7.0,4.0,1.0,,
995,2018-04-06,1,2700,3000,,1.0,,,
996,2018-04-07,4,14300,15300,2.0,2.0,,,
997,2018-04-08,6,15540,17300,3.0,2.0,1.0,,
998,2018-04-09,9,22900,27200,3.0,3.0,3.0,,
999,2018-04-10,10,34900,38500,6.0,,4.0,,
1000,2018-04-11,6,28470,29300,4.0,2.0,,,
1001,2018-04-12,8,20879,23900,3.0,3.0,2.0,,
1002,2018-04-13,11,24961,29700,2.0,6.0,3.0,,
1003,2018-04-14,4,12020,13100,1.0,3.0,,,
1004,2018-04-15,9,27250,31900,2.0,4.0,3.0,,
1005,2018-04-16,11,33240,36800,6.0,3.0,2.0,,
1006,2018-04-17,10,25408,28500,5.0,3.0,2.0,,
1007,2018-04-18,2,5250,6000,,2.0,,,
1008,2018-04-19,9,21180,25600,5.0,2.0,1.0,,1.0
1009,2018-04-20,7,16440,17800,4.0,2.0,1.0,,
1010,2018-04-21,3,10850,11300,2.0,1.0,,,
1011,2018-04-22,4,10580,12000,2.0,1.0,1.0,,
1012,2018-04-23,10,28100,32100,3.0,6.0,1.0,,
1013,2018-04-24,11,30205,33400,5.0,4.0,2.0,,
1014,2018-04-25,10,29095,30700,5.0,5.0,,,
1015,2018-04-26,15,45980,49900,7.0,7.0,1.0,,
1016,2018-04-27,8,21490,25100,2.0,4.0,2.0,,
1017,2018-04-28,6,12405,18000,,3.0,2.0,1.0,
1018,2018-04-29,3,7285,8700,,3.0,,,
1019,2018-04-30,8,25570,29000,2.0,6.0,,,
1020,2018-05-01,8,21100,24000,2.0,6.0,,,
1021,2018-05-02,5,25980,26300,4.0,1.0,,,
1022,2018-05-03,10,34190,35500,6.0,4.0,,,
1023,2018-05-04,3,10490,11600,1.0,2.0,,,
1024,2018-05-05,4,12770,14400,1.0,3.0,,,
1025,2018-05-06,2,4450,5100,,2.0,,,
1026,2018-05-07,5,15580,17400,2.0,2.0,1.0,,
1027,2018-05-08,19,60437,66295,7.0,11.0,1.0,,
1028,2018-05-09,6,22200,23300,4.0,2.0,,,
1029,2018-05-10,11,39410,44800,3.0,7.0,1.0,,
1030,2018-05-11,2,6386,7400,,1.0,1.0,,
1031,2018-05-12,3,7960,10100,,2.0,1.0,,
1032,2018-05-13,3,24810,27200,1.0,2.0,,,
1033,2018-05-14,5,15440,17300,2.0,2.0,1.0,,
1034,2018-05-15,8,21500,23800,2.0,6.0,,,
1035,2018-05-16,6,15815,17900,1.0,5.0,,,
1036,2018-05-17,7,22880,24400,3.0,4.0,,,
1037,2018-05-18,9,30200,31200,7.0,2.0,,,
1038,2018-05-19,3,8550,9400,1.0,2.0,,,
1039,2018-05-20,4,8688,11300,,2.0,2.0,,
1040,2018-05-21,5,15550,16500,3.0,1.0,1.0,,
1041,2018-05-22,12,32600,37500,6.0,3.0,3.0,,
1042,2018-05-23,9,46510,49200,4.0,5.0,,,
1043,2018-05-24,12,29338,34500,3.0,5.0,4.0,,
1044,2018-05-25,6,19840,20200,5.0,1.0,,,
1045,2018-05-26,5,11940,13400,1.0,4.0,,,
1046,2018-05-27,3,11975,13300,1.0,2.0,,,
1047,2018-05-28,3,6495,7900,,2.0,1.0,,
1048,2018-05-29,9,22200,24700,1.0,8.0,,,
1049,2018-05-30,7,16545,17900,3.0,4.0,,,
1050,2018-05-31,7,18180,19600,3.0,4.0,,,
1051,2018-06-01,7,18840,19900,4.0,3.0,,,
1052,2018-06-02,2,5500,5500,2.0,,,,
1053,2018-06-03,8,19615,23000,2.0,4.0,2.0,,
1054,2018-06-04,6,42980,45000,3.0,2.0,1.0,,
1055,2018-06-05,6,13842,15900,1.0,5.0,,,
1056,2018-06-06,7,21940,23600,2.0,5.0,,,
1057,2018-06-07,14,36590,42500,6.0,7.0,,,1.0
1058,2018-06-08,4,11270,13300,1.0,2.0,1.0,,
1059,2018-06-09,2,5600,5600,2.0,,,,
1060,2018-06-10,10,29090,32500,4.0,4.0,2.0,,
1061,2018-06-11,12,31975,35200,4.0,6.0,2.0,,
1062,2018-06-12,13,41354,47800,5.0,3.0,5.0,,
1063,2018-06-13,6,16310,18800,1.0,5.0,,,
1064,2018-06-14,10,28380,31700,3.0,7.0,,,
1065,2018-06-15,3,8280,9200,,3.0,,,
1066,2018-06-16,2,4740,6000,,1.0,1.0,,
1067,2018-06-17,4,10100,11300,1.0,3.0,,,
1068,2018-06-18,10,32270,33900,7.0,3.0,,,
1069,2018-06-19,12,38915,42300,6.0,5.0,1.0,,
1070,2018-06-20,3,9260,10100,1.0,2.0,,,
1071,2018-06-21,7,15780,17000,3.0,4.0,,,
1072,2018-06-22,4,11000,12500,1.0,2.0,1.0,,
1073,2018-06-23,3,11800,12800,2.0,,1.0,,
1074,2018-06-24,3,6788,7400,1.0,2.0,,,
1075,2018-06-25,8,21945,23500,5.0,2.0,1.0,,
1076,2018-06-26,9,21250,23500,2.0,7.0,,,
1077,2018-06-27,11,29378,32900,2.0,8.0,1.0,,
1078,2018-06-28,7,14140,17600,,3.0,4.0,,
1079,2018-06-29,2,4505,5300,,2.0,,,
1080,2018-06-30,2,8100,8400,1.0,1.0,,,
1081,2018-07-01,5,14655,16900,2.0,2.0,1.0,,
1082,2018-07-02,8,23150,25600,4.0,4.0,,,
1083,2018-07-03,1,4000,5000,,1.0,,,
1084,2018-07-04,9,23055,27000,2.0,5.0,2.0,,
1085,2018-07-05,5,11400,13100,2.0,2.0,1.0,,
1086,2018-07-06,6,15170,16400,2.0,4.0,,,
1087,2018-07-07,3,11375,13100,1.0,1.0,1.0,,
1088,2018-07-08,2,5400,5400,2.0,,,,
1089,2018-07-09,6,12980,16100,,4.0,2.0,,
1090,2018-07-10,6,14925,17200,1.0,4.0,1.0,,
1091,2018-07-11,2,5200,5500,1.0,1.0,,,
1092,2018-07-12,8,20820,24000,1.0,6.0,1.0,,
1093,2018-07-13,3,8905,9900,1.0,2.0,,,
1094,2018-07-14,5,19020,21800,1.0,3.0,1.0,,
1095,2018-07-15,2,12655,14500,,2.0,,,
1096,2018-07-16,5,13600,16300,1.0,3.0,1.0,,
1097,2018-07-17,11,29220,33800,2.0,8.0,1.0,,
1098,2018-07-18,3,7940,9100,1.0,1.0,1.0,,
1099,2018-07-19,6,15450,16100,4.0,2.0,,,
1100,2018-07-20,6,16175,17600,4.0,,2.0,,
1101,2018-07-21,3,8550,8800,2.0,1.0,,,
1102,2018-07-22,7,17955,20500,3.0,2.0,2.0,,
1103,2018-07-23,4,12550,15000,1.0,1.0,2.0,,
1104,2018-07-24,4,11300,12500,1.0,3.0,,,
1105,2018-07-25,12,30745,37395,4.0,6.0,1.0,,1.0
1106,2018-07-26,14,37545,41300,6.0,7.0,1.0,,
1107,2018-07-27,1,2430,2700,,1.0,,,
1108,2018-07-28,4,9420,9900,2.0,2.0,,,
1109,2018-07-29,1,3920,4300,,1.0,,,
1110,2018-07-30,16,38947,43900,4.0,9.0,3.0,,
1111,2018-07-31,12,28944,33300,5.0,4.0,3.0,,
1112,2018-08-01,6,14972,17500,1.0,4.0,1.0,,
1113,2018-08-02,9,27410,29800,4.0,5.0,,,
1114,2018-08-03,9,26129,28700,4.0,4.0,1.0,,
1115,2018-08-04,7,16990,20000,3.0,2.0,2.0,,
1116,2018-08-05,5,13446,14700,2.0,3.0,,,
1117,2018-08-06,9,30280,32900,4.0,4.0,1.0,,
1118,2018-08-07,6,13426,16200,1.0,4.0,1.0,,
1119,2018-08-08,4,12070,13300,2.0,2.0,,,
1120,2018-08-09,5,14795,16400,2.0,2.0,1.0,,
1121,2018-08-10,5,16600,17800,3.0,2.0,,,
1122,2018-08-11,5,16987,19000,1.0,4.0,,,
1123,2018-08-12,2,4320,4800,,2.0,,,
1124,2018-08-13,11,29191,34200,3.0,5.0,3.0,,
1125,2018-08-14,8,23615,26200,3.0,5.0,,,
1126,2018-08-15,10,23968,28600,2.0,6.0,2.0,,
1127,2018-08-16,8,20732,22900,3.0,4.0,1.0,,
1128,2018-08-17,8,22410,24100,5.0,3.0,,,
1129,2018-08-18,3,8550,8800,2.0,1.0,,,
1130,2018-08-19,1,3000,3000,1.0,,,,
1131,2018-08-20,6,12980,15900,,5.0,1.0,,
1132,2018-08-21,7,19070,21700,2.0,4.0,1.0,,
1133,2018-08-22,7,19324,21400,3.0,3.0,1.0,,
1134,2018-08-23,13,39655,42800,5.0,6.0,2.0,,
1135,2018-08-24,6,15170,18900,,4.0,2.0,,
1136,2018-08-25,4,9500,11500,2.0,,2.0,,
1137,2018-08-26,2,4316,5700,,1.0,1.0,,
1138,2018-08-27,9,24792,27900,2.0,6.0,1.0,,
1139,2018-08-28,7,19180,22600,1.0,6.0,,,
1140,2018-08-29,10,24545,30000,2.0,4.0,4.0,,
1141,2018-08-30,10,21125,29000,,7.0,2.0,,1.0
1142,2018-08-31,8,22885,26900,1.0,6.0,1.0,,
1143,2018-09-01,10,27475,31000,3.0,6.0,1.0,,
1144,2018-09-02,8,20085,24500,2.0,5.0,,1.0,
1145,2018-09-03,10,29235,32000,5.0,4.0,1.0,,
1146,2018-09-04,10,30655,33300,4.0,6.0,,,
1147,2018-09-05,7,14750,20300,,6.0,,,1.0
1148,2018-09-06,10,27280,29400,7.0,2.0,1.0,,
1149,2018-09-07,11,30515,35200,2.0,7.0,2.0,,
1150,2018-09-08,8,18405,21000,3.0,4.0,1.0,,
1151,2018-09-09,5,12100,17100,2.0,1.0,1.0,,1.0
1152,2018-09-10,13,38075,42200,7.0,5.0,1.0,,
1153,2018-09-11,5,13600,15700,3.0,1.0,,1.0,
1154,2018-09-12,15,56820,61200,6.0,8.0,1.0,,
1155,2018-09-13,16,41510,50795,2.0,9.0,5.0,,
1156,2018-09-14,7,19900,23900,2.0,2.0,3.0,,
1157,2018-09-15,2,5100,5600,1.0,,1.0,,
1158,2018-09-16,9,27980,31400,3.0,5.0,1.0,,
1159,2018-09-17,11,33545,38900,3.0,7.0,1.0,,
1160,2018-09-18,11,31045,35100,2.0,8.0,1.0,,
1161,2018-09-19,10,26970,32700,1.0,5.0,4.0,,
1162,2018-09-20,8,24590,27900,2.0,4.0,2.0,,
1163,2018-09-21,6,14690,18100,1.0,3.0,2.0,,
1164,2018-09-22,1,2900,2900,1.0,,,,
1165,2018-09-23,5,12710,15700,1.0,2.0,2.0,,
1166,2018-09-24,9,25860,30200,4.0,3.0,2.0,,
1167,2018-09-25,15,41370,49800,2.0,9.0,4.0,,
1168,2018-09-26,14,38440,44100,5.0,6.0,3.0,,
1169,2018-09-27,15,40135,45600,5.0,9.0,1.0,,
1170,2018-09-28,9,20610,27100,1.0,7.0,,,1.0
1171,2018-09-29,3,6795,8200,1.0,1.0,1.0,,
1172,2018-09-30,11,30798,37300,1.0,7.0,3.0,,
1173,2018-10-01,7,17665,21400,1.0,4.0,2.0,,
1174,2018-10-02,9,32180,36100,3.0,5.0,1.0,,
1175,2018-10-03,6,25520,29900,1.0,5.0,,,
1176,2018-10-04,7,12806,19800,2.0,2.0,1.0,1.0,1.0
1177,2018-10-05,9,27055,31500,1.0,8.0,,,
1178,2018-10-06,4,11200,13600,2.0,,2.0,,
1179,2018-10-07,14,39405,44800,5.0,7.0,1.0,1.0,
1180,2018-10-08,12,28700,34800,3.0,8.0,,1.0,
1181,2018-10-09,12,36617,40200,6.0,5.0,1.0,,
1182,2018-10-10,10,26585,30700,4.0,4.0,2.0,,
1183,2018-10-11,11,29255,32700,4.0,6.0,1.0,,
1184,2018-10-12,11,36465,42800,2.0,7.0,2.0,,
1185,2018-10-13,3,9100,10100,1.0,2.0,,,
1186,2018-10-14,5,12850,13800,3.0,2.0,,,
1187,2018-10-15,12,29400,35900,1.0,8.0,3.0,,
1188,2018-10-16,14,53255,56100,9.0,4.0,1.0,,
1189,2018-10-17,2,6300,6900,1.0,1.0,,,
1190,2018-10-18,11,34770,40200,2.0,6.0,3.0,,
1191,2018-10-19,9,22330,33700,,2.0,6.0,,1.0
1192,2018-10-20,5,11375,12800,1.0,4.0,,,
1193,2018-10-21,2,5550,6000,1.0,1.0,,,
1194,2018-10-22,11,31855,36400,3.0,6.0,2.0,,
1195,2018-10-23,11,23649,29200,2.0,3.0,6.0,,
1196,2018-10-24,9,25395,29200,2.0,5.0,2.0,,
1197,2018-10-25,16,46487,55195,3.0,12.0,,1.0,
1198,2018-10-26,11,29755,32300,7.0,3.0,1.0,,
1199,2018-10-27,6,19560,21400,4.0,1.0,,1.0,
1200,2018-10-28,9,18995,23300,4.0,4.0,,,1.0
1201,2018-10-29,7,18895,22300,3.0,1.0,3.0,,
1202,2018-10-30,8,23830,28200,2.0,5.0,1.0,,
1203,2018-10-31,14,39293,47300,2.0,8.0,4.0,,
1204,2018-11-01,11,33860,39600,3.0,5.0,3.0,,
1205,2018-11-02,9,20765,25100,1.0,5.0,3.0,,
1206,2018-11-03,5,13580,15200,2.0,2.0,1.0,,
1207,2018-11-04,10,30915,35200,2.0,6.0,2.0,,
1208,2018-11-05,10,27255,30600,3.0,6.0,1.0,,
1209,2018-11-06,14,39824,48700,2.0,5.0,7.0,,
1210,2018-11-07,12,35430,40300,3.0,7.0,2.0,,
1211,2018-11-08,7,19690,21700,3.0,4.0,,,
1212,2018-11-09,9,22795,25300,6.0,1.0,1.0,1.0,
1213,2018-11-10,9,24760,28300,2.0,6.0,1.0,,
1214,2018-11-11,9,23280,26400,2.0,5.0,2.0,,
1215,2018-11-12,17,46405,54600,4.0,8.0,5.0,,
1216,2018-11-13,9,32720,35300,4.0,5.0,,,
1217,2018-11-14,8,21380,25200,2.0,5.0,1.0,,
1218,2018-11-15,10,32760,36800,2.0,6.0,2.0,,
1219,2018-11-16,3,8265,9000,1.0,2.0,,,
1220,2018-11-17,3,11020,12800,,2.0,1.0,,
1221,2018-11-18,11,31345,33400,6.0,4.0,1.0,,
1222,2018-11-19,10,28355,32300,3.0,5.0,2.0,,
1223,2018-11-20,14,42325,47700,4.0,8.0,2.0,,
1224,2018-11-21,8,21470,24300,3.0,4.0,1.0,,
1225,2018-11-22,8,22000,25100,4.0,2.0,2.0,,
1226,2018-11-23,16,57955,64300,4.0,11.0,1.0,,
1227,2018-11-24,11,44010,52100,3.0,7.0,,1.0,
1228,2018-11-25,13,44700,52300,3.0,7.0,3.0,,
1229,2018-11-26,21,59280,73900,2.0,15.0,4.0,,
1230,2018-11-27,22,55280,70300,2.0,13.0,7.0,,
1231,2018-11-28,16,46380,53500,3.0,9.0,4.0,,
1232,2018-11-29,19,46910,56500,3.0,11.0,5.0,,
1233,2018-11-30,13,40455,45800,5.0,7.0,1.0,,
1234,2018-12-01,11,43090,49800,2.0,5.0,4.0,,
1235,2018-12-02,7,29390,33200,1.0,6.0,,,
1236,2018-12-03,20,55920,61900,10.0,7.0,3.0,,
1237,2018-12-04,19,50845,59600,4.0,10.0,5.0,,
1238,2018-12-05,18,48855,56800,4.0,10.0,4.0,,
1239,2018-12-06,18,57360,66700,4.0,10.0,3.0,1.0,
1240,2018-12-07,14,56900,63300,5.0,7.0,2.0,,
1241,2018-12-08,7,23000,24000,5.0,2.0,,,
1242,2018-12-09,12,41110,48000,2.0,7.0,3.0,,
1243,2018-12-10,17,48240,60600,2.0,5.0,10.0,,
1244,2018-12-11,19,63840,74200,1.0,14.0,4.0,,
1245,2018-12-12,22,84297,96000,3.0,15.0,4.0,,
1246,2018-12-13,34,97205,121600,2.0,17.0,15.0,,
1247,2018-12-14,23,59415,74400,3.0,10.0,9.0,,1.0
1248,2018-12-15,16,50275,57500,5.0,8.0,3.0,,
1249,2018-12-16,7,19580,23000,1.0,4.0,2.0,,
1250,2018-12-17,36,112975,135500,6.0,19.0,11.0,,
1251,2018-12-18,22,62455,73200,4.0,16.0,2.0,,
1252,2018-12-19,40,128305,149400,7.0,26.0,7.0,,
1253,2018-12-20,23,91505,100500,9.0,12.0,2.0,,
1254,2018-12-21,13,47185,54000,5.0,5.0,3.0,,
1255,2018-12-22,3,9100,10100,2.0,,1.0,,
1256,2018-12-23,2,11730,13800,,2.0,,,
1257,2018-12-24,1,2800,2800,1.0,,,,
1258,2018-12-25,1,21500,21500,1.0,,,,
1259,2018-12-26,3,8480,9500,1.0,2.0,,,
1260,2018-12-27,5,14631,17000,1.0,3.0,1.0,,
1261,2018-12-28,16,41320,47900,2.0,12.0,2.0,,
1262,2018-12-29,4,10750,12300,1.0,2.0,1.0,,
1263,2018-12-30,9,25285,28200,3.0,6.0,,,
1264,2018-12-31,3,7530,9400,,2.0,1.0,,
1265,2019-01-01,4,10340,10600,3.0,1.0,,,
1266,2019-01-02,18,45378,54900,3.0,10.0,5.0,,
1267,2019-01-03,17,55385,63100,5.0,9.0,3.0,,
1268,2019-01-04,7,16855,20700,2.0,2.0,3.0,,
1269,2019-01-05,8,19695,22100,3.0,3.0,2.0,,
1270,2019-01-06,5,23480,25900,2.0,2.0,1.0,,
1271,2019-01-07,11,27170,33600,1.0,6.0,4.0,,
1272,2019-01-08,13,36185,40500,5.0,6.0,2.0,,
1273,2019-01-09,14,38375,43095,6.0,5.0,3.0,,
1274,2019-01-10,19,47590,54500,9.0,6.0,3.0,1.0,
1275,2019-01-11,9,22375,26700,2.0,6.0,1.0,,
1276,2019-01-12,6,20448,26100,,2.0,4.0,,
1277,2019-01-13,10,29250,32800,4.0,3.0,3.0,,
1278,2019-01-14,19,57815,64700,6.0,13.0,,,
1279,2019-01-15,18,57560,68400,1.0,13.0,4.0,,
1280,2019-01-16,8,21970,26000,2.0,5.0,1.0,,
1281,2019-01-17,13,34300,38600,5.0,5.0,3.0,,
1282,2019-01-18,10,42565,44900,4.0,6.0,,,
1283,2019-01-19,3,8120,9400,1.0,1.0,1.0,,
1284,2019-01-20,14,40475,44500,8.0,3.0,3.0,,
1285,2019-01-21,19,55110,67100,2.0,11.0,6.0,,
1286,2019-01-22,12,33205,38700,4.0,5.0,3.0,,
1287,2019-01-23,9,22790,26700,3.0,4.0,2.0,,
1288,2019-01-24,21,57782,66900,5.0,12.0,4.0,,
1289,2019-01-25,13,36900,41000,4.0,9.0,,,
1290,2019-01-26,6,14875,18800,1.0,3.0,1.0,1.0,
1291,2019-01-27,15,39780,45500,2.0,13.0,,,
1292,2019-01-28,11,27935,33300,1.0,9.0,1.0,,
1293,2019-01-29,15,43120,47600,6.0,9.0,,,
1294,2019-01-30,9,24725,27300,3.0,5.0,1.0,,
1295,2019-01-31,18,40255,54500,,10.0,7.0,,1.0
1296,2019-02-01,19,47895,56200,5.0,10.0,4.0,,
1297,2019-02-02,12,36095,39800,5.0,5.0,2.0,,
1298,2019-02-03,9,31179,36200,3.0,4.0,2.0,,
1299,2019-02-04,20,60706,66500,9.0,10.0,1.0,,
1300,2019-02-05,16,48190,54300,3.0,11.0,2.0,,
1301,2019-02-06,14,43885,49395,4.0,8.0,2.0,,
1302,2019-02-07,14,37025,42200,4.0,7.0,3.0,,
1303,2019-02-08,12,42595,47295,4.0,7.0,1.0,,
1304,2019-02-09,13,40460,43500,5.0,8.0,,,
1305,2019-02-10,20,65517,74300,5.0,12.0,3.0,,
1306,2019-02-11,23,78386,87200,6.0,13.0,4.0,,
1307,2019-02-12,35,121960,140595,8.0,16.0,11.0,,
1308,2019-02-13,26,77495,96300,3.0,12.0,10.0,1.0,
1309,2019-02-14,7,18940,21800,3.0,2.0,2.0,,
1310,2019-02-15,3,7870,8100,2.0,1.0,,,
1311,2019-02-16,3,6630,7900,1.0,1.0,1.0,,
1312,2019-02-17,14,36230,41200,5.0,6.0,3.0,,
1313,2019-02-18,11,28290,34600,1.0,6.0,4.0,,
1314,2019-02-19,10,24625,29400,1.0,7.0,2.0,,
1315,2019-02-20,12,30455,37000,2.0,6.0,4.0,,
1316,2019-02-21,9,24240,29200,,7.0,2.0,,
1317,2019-02-22,7,19335,22300,2.0,4.0,1.0,,
1318,2019-02-23,5,12320,14800,2.0,1.0,2.0,,
1319,2019-02-24,4,8075,10900,,2.0,2.0,,
1320,2019-02-25,19,42725,55500,2.0,12.0,4.0,,1.0
1321,2019-02-26,18,46375,52900,7.0,9.0,2.0,,
1322,2019-02-27,9,31200,34000,5.0,3.0,1.0,,
1323,2019-02-28,15,41310,49700,2.0,10.0,3.0,,
1324,2019-03-01,13,33490,38800,5.0,6.0,2.0,,
1325,2019-03-02,10,28285,32695,3.0,5.0,2.0,,
1326,2019-03-03,9,23180,27400,3.0,3.0,3.0,,
1327,2019-03-04,23,57160,69600,6.0,13.0,2.0,,2.0
1328,2019-03-05,14,39760,43700,5.0,8.0,1.0,,
1329,2019-03-06,17,45955,53500,5.0,7.0,5.0,,
1330,2019-03-07,16,44830,51700,3.0,9.0,4.0,,
1331,2019-03-08,11,26640,31400,2.0,7.0,1.0,1.0,
1332,2019-03-09,4,15170,15800,2.0,2.0,,,
1333,2019-03-10,7,20120,23400,,6.0,1.0,,
1334,2019-03-11,28,75040,88300,4.0,21.0,3.0,,
1335,2019-03-12,26,68865,85000,3.0,13.0,10.0,,
1336,2019-03-13,18,46935,56400,5.0,7.0,6.0,,
1337,2019-03-14,19,53460,64800,3.0,10.0,5.0,1.0,
1338,2019-03-15,13,39890,47500,3.0,6.0,3.0,1.0,
1339,2019-03-16,8,21335,23800,2.0,6.0,,,
1340,2019-03-17,14,43240,48500,4.0,7.0,3.0,,
1341,2019-03-18,16,45935,55600,3.0,10.0,2.0,1.0,
1342,2019-03-19,26,73580,86700,2.0,18.0,6.0,,
1343,2019-03-20,19,55085,64600,2.0,12.0,5.0,,
1344,2019-03-21,23,61760,71500,2.0,16.0,5.0,,
1345,2019-03-22,26,64415,74800,4.0,17.0,5.0,,
1346,2019-03-23,21,54083,65100,6.0,6.0,9.0,,
1347,2019-03-24,31,102725,111600,11.0,18.0,2.0,,
1348,2019-03-25,51,150020,174000,8.0,33.0,10.0,,
1349,2019-03-26,99,280246,328400,16.0,66.0,17.0,,
1350,2019-03-27,103,290720,333700,27.0,56.0,20.0,,
1351,2019-03-28,89,288090,330600,28.0,41.0,20.0,,
1352,2019-03-29,48,175435,196000,21.0,18.0,8.0,1.0,
1353,2019-03-30,14,46300,52100,4.0,8.0,2.0,,
1354,2019-03-31,9,26130,30300,5.0,2.0,1.0,1.0,
1355,2019-04-01,7,18725,21000,3.0,2.0,2.0,,
1356,2019-04-02,16,44105,49600,6.0,7.0,3.0,,
1357,2019-04-03,11,25975,29800,3.0,7.0,1.0,,
1358,2019-04-04,14,36330,41700,5.0,8.0,,1.0,
1359,2019-04-05,13,29835,39700,4.0,7.0,1.0,,1.0
1360,2019-04-06,9,22055,26300,2.0,5.0,2.0,,
1361,2019-04-07,7,18320,19500,4.0,3.0,,,
1362,2019-04-08,17,49700,54600,8.0,7.0,2.0,,
1363,2019-04-09,14,34845,49700,1.0,6.0,6.0,,1.0
1364,2019-04-10,16,43250,48700,4.0,11.0,1.0,,
1365,2019-04-11,12,31885,37000,6.0,3.0,2.0,1.0,
1366,2019-04-12,7,16370,19300,1.0,5.0,1.0,,
1367,2019-04-13,12,27850,34500,2.0,7.0,2.0,1.0,
1368,2019-04-14,8,19850,23800,2.0,3.0,3.0,,
1369,2019-04-15,20,54405,64500,5.0,7.0,8.0,,
1370,2019-04-16,16,46345,50400,8.0,7.0,1.0,,
1371,2019-04-17,18,49685,57900,3.0,11.0,4.0,,
1372,2019-04-18,10,26985,30000,2.0,8.0,,,
1373,2019-04-19,1,5600,6600,,1.0,,,
1374,2019-04-20,4,9600,10600,2.0,1.0,1.0,,
1375,2019-04-21,3,7587,8400,1.0,2.0,,,
1376,2019-04-22,7,21855,25100,1.0,4.0,2.0,,
1377,2019-04-23,17,58185,64200,7.0,8.0,2.0,,
1378,2019-04-24,13,38335,46800,4.0,6.0,2.0,,1.0
1379,2019-04-25,14,43180,49400,5.0,6.0,3.0,,
1380,2019-04-26,16,48305,53700,6.0,9.0,1.0,,
1381,2019-04-27,7,19790,22600,2.0,4.0,1.0,,
1382,2019-04-28,11,33865,37100,4.0,7.0,,,
1383,2019-04-29,12,36000,39200,5.0,7.0,,,
1384,2019-04-30,20,53415,61400,6.0,11.0,3.0,,
1385,2019-05-01,8,36960,42000,1.0,7.0,,,
1386,2019-05-02,20,61795,68395,8.0,10.0,2.0,,
1387,2019-05-03,7,20340,22600,3.0,3.0,1.0,,
1388,2019-05-04,5,16491,20600,2.0,2.0,,1.0,
1389,2019-05-05,8,24310,31400,,2.0,6.0,,
1390,2019-05-06,12,34695,43795,1.0,6.0,5.0,,
1391,2019-05-07,18,57015,68195,5.0,7.0,6.0,,
1392,2019-05-08,19,60285,69400,6.0,11.0,2.0,,
1393,2019-05-09,15,41539,47600,4.0,8.0,3.0,,
1394,2019-05-10,11,35910,41600,3.0,6.0,2.0,,
1395,2019-05-11,2,7325,8000,1.0,1.0,,,
1396,2019-05-12,4,12620,15000,,3.0,1.0,,
1397,2019-05-13,15,46345,52600,6.0,6.0,3.0,,
1398,2019-05-14,15,38645,46100,3.0,9.0,3.0,,
1399,2019-05-15,11,32455,38600,3.0,5.0,3.0,,
1400,2019-05-16,15,45608,50500,5.0,9.0,1.0,,
1401,2019-05-17,8,19638,29100,,7.0,,,1.0
1402,2019-05-18,6,20950,22500,2.0,4.0,,,
1403,2019-05-19,8,24500,27100,4.0,3.0,1.0,,
1404,2019-05-20,20,55481,63500,5.0,12.0,3.0,,
1405,2019-05-21,17,45117,52100,4.0,11.0,2.0,,
1406,2019-05-22,13,32015,38500,3.0,6.0,4.0,,
1407,2019-05-23,20,52755,62600,4.0,10.0,6.0,,
1408,2019-05-24,19,69730,78800,5.0,12.0,2.0,,
1409,2019-05-25,4,14050,15800,1.0,3.0,,,
1410,2019-05-26,11,56515,62800,2.0,8.0,1.0,,
1411,2019-05-27,8,20970,23500,3.0,4.0,1.0,,
1412,2019-05-28,15,39950,45700,6.0,6.0,3.0,,
1413,2019-05-29,21,60370,70195,7.0,7.0,7.0,,
1414,2019-05-30,16,51050,56600,7.0,7.0,2.0,,
1415,2019-05-31,20,58120,66700,4.0,14.0,2.0,,
1416,2019-06-01,5,13535,16300,,5.0,,,
1417,2019-06-02,9,24005,26700,4.0,4.0,1.0,,
1418,2019-06-03,19,67915,73200,8.0,11.0,,,
1419,2019-06-04,19,55990,63100,3.0,15.0,1.0,,
1420,2019-06-05,22,62730,73600,7.0,7.0,8.0,,
1421,2019-06-06,10,26175,32500,2.0,3.0,5.0,,
1422,2019-06-07,10,28500,30400,5.0,5.0,,,
1423,2019-06-08,6,22310,25200,2.0,3.0,1.0,,
1424,2019-06-09,11,35640,38700,5.0,6.0,,,
1425,2019-06-10,11,33770,37600,6.0,2.0,3.0,,
1426,2019-06-11,21,59430,72000,4.0,13.0,3.0,1.0,
1427,2019-06-12,13,40160,45100,3.0,10.0,,,
1428,2019-06-13,12,34115,38900,3.0,7.0,2.0,,
1429,2019-06-14,9,25370,29300,1.0,7.0,1.0,,
1430,2019-06-15,6,15530,16300,4.0,2.0,,,
1431,2019-06-16,4,10945,11800,2.0,2.0,,,
1432,2019-06-17,19,49670,58000,4.0,9.0,6.0,,
1433,2019-06-18,17,66115,76400,4.0,10.0,3.0,,
1434,2019-06-19,8,32180,34600,3.0,5.0,,,
1435,2019-06-20,9,27810,31100,1.0,7.0,1.0,,
1436,2019-06-21,12,36980,43600,1.0,9.0,2.0,,
1437,2019-06-22,6,16510,19200,1.0,4.0,1.0,,
1438,2019-06-23,6,16910,19600,1.0,4.0,1.0,,
1439,2019-06-24,13,34220,41200,2.0,8.0,3.0,,
1440,2019-06-25,20,61220,69900,5.0,14.0,1.0,,
1441,2019-06-26,9,25255,30400,2.0,4.0,3.0,,
1442,2019-06-27,12,36130,42000,2.0,8.0,2.0,,
1443,2019-06-28,16,46725,54500,3.0,11.0,2.0,,
1444,2019-06-29,6,15945,18200,2.0,3.0,1.0,,
1445,2019-06-30,6,15560,19100,,5.0,1.0,,
1446,2019-07-01,14,35255,42800,4.0,5.0,5.0,,
1447,2019-07-02,19,46330,57300,6.0,6.0,6.0,1.0,
1448,2019-07-03,11,28510,31400,5.0,5.0,1.0,,
1449,2019-07-04,11,34540,38200,3.0,7.0,1.0,,
1450,2019-07-05,5,13240,15500,1.0,4.0,,,
1451,2019-07-06,7,18855,22700,4.0,1.0,1.0,1.0,
1452,2019-07-07,7,22020,25200,1.0,6.0,,,
1453,2019-07-08,13,43485,47300,5.0,7.0,1.0,,
1454,2019-07-09,18,54250,60600,7.0,8.0,3.0,,
1455,2019-07-10,10,29772,35100,1.0,8.0,1.0,,
1456,2019-07-11,13,38366,43000,4.0,8.0,1.0,,
1457,2019-07-12,11,36890,39200,7.0,3.0,1.0,,
1458,2019-07-13,5,12245,14400,1.0,3.0,1.0,,
1459,2019-07-14,14,34134,40000,3.0,8.0,3.0,,
1460,2019-07-15,20,52805,64600,4.0,10.0,5.0,1.0,
1461,2019-07-16,28,76822,92600,10.0,11.0,6.0,,1.0
1462,2019-07-17,12,28650,35600,2.0,6.0,4.0,,
1463,2019-07-18,12,33300,38000,3.0,7.0,2.0,,
1464,2019-07-19,15,42805,48200,6.0,7.0,2.0,,
1465,2019-07-20,6,13800,17300,,4.0,2.0,,
1466,2019-07-21,9,27455,30800,3.0,5.0,1.0,,
1467,2019-07-22,9,25335,29400,2.0,6.0,1.0,,
1468,2019-07-23,12,38205,42300,5.0,5.0,2.0,,
1469,2019-07-24,10,32285,35400,4.0,5.0,1.0,,
1470,2019-07-25,20,55740,64500,7.0,9.0,4.0,,
1471,2019-07-26,13,37805,45700,2.0,9.0,1.0,1.0,
1472,2019-07-27,5,13580,15600,2.0,2.0,1.0,,
1473,2019-07-28,10,32095,35500,4.0,4.0,2.0,,
1474,2019-07-29,19,53435,59800,6.0,13.0,,,
1475,2019-07-30,12,33171,39100,2.0,8.0,2.0,,
1476,2019-07-31,20,61870,68900,7.0,12.0,1.0,,
1477,2019-08-01,23,60115,77000,2.0,10.0,11.0,,
1478,2019-08-02,11,29690,33700,4.0,6.0,1.0,,
1479,2019-08-03,1,2900,2900,1.0,,,,
1480,2019-08-04,6,15860,19700,1.0,2.0,3.0,,
1481,2019-08-05,11,36065,40500,2.0,9.0,,,
1482,2019-08-06,15,42800,46200,8.0,6.0,1.0,,
1483,2019-08-07,12,32905,38400,4.0,5.0,3.0,,
1484,2019-08-08,11,31475,37000,3.0,5.0,3.0,,
1485,2019-08-09,8,22270,24400,4.0,3.0,1.0,,
1486,2019-08-10,9,27595,30700,3.0,5.0,1.0,,
1487,2019-08-11,7,18005,20800,2.0,3.0,2.0,,
1488,2019-08-12,17,52200,60100,3.0,11.0,3.0,,
1489,2019-08-13,13,46565,50200,5.0,6.0,2.0,,
1490,2019-08-14,11,31535,34700,4.0,6.0,1.0,,
1491,2019-08-15,19,43605,54800,2.0,9.0,7.0,,1.0
1492,2019-08-16,15,39650,46600,3.0,9.0,3.0,,
1493,2019-08-17,9,23530,27400,4.0,2.0,3.0,,
1494,2019-08-18,7,18720,20900,4.0,1.0,2.0,,
1495,2019-08-19,11,30415,34900,1.0,10.0,,,
1496,2019-08-20,18,48520,56000,4.0,11.0,3.0,,
1497,2019-08-21,13,43305,50600,2.0,10.0,1.0,,
1498,2019-08-22,8,20585,24400,1.0,6.0,1.0,,
1499,2019-08-23,6,15250,17700,1.0,4.0,1.0,,
1500,2019-08-24,6,19100,20700,4.0,1.0,1.0,,
1501,2019-08-25,5,13690,17700,,3.0,2.0,,
1502,2019-08-26,14,35725,40100,4.0,8.0,2.0,,
1503,2019-08-27,17,46150,53100,6.0,8.0,3.0,,
1504,2019-08-28,11,33665,36300,6.0,4.0,1.0,,
1505,2019-08-29,17,48300,56300,5.0,7.0,5.0,,
1506,2019-08-30,23,67580,79700,4.0,13.0,6.0,,
1507,2019-08-31,4,16575,18300,2.0,1.0,1.0,,
1508,2019-09-01,20,55990,64500,8.0,7.0,5.0,,
1509,2019-09-02,18,55065,64000,4.0,11.0,3.0,,
1510,2019-09-03,13,39020,42400,5.0,7.0,1.0,,
1511,2019-09-04,19,60770,66400,8.0,10.0,1.0,,
1512,2019-09-05,16,49670,56600,4.0,12.0,,,
1513,2019-09-06,17,45515,52800,5.0,8.0,4.0,,
1514,2019-09-07,4,13400,14400,2.0,2.0,,,
1515,2019-09-08,9,24040,28700,1.0,6.0,2.0,,
1516,2019-09-09,20,57230,65000,7.0,9.0,4.0,,
1517,2019-09-10,17,50250,58000,3.0,11.0,3.0,,
1518,2019-09-11,14,34660,39700,6.0,5.0,3.0,,
1519,2019-09-12,20,60450,70500,5.0,11.0,4.0,,
1520,2019-09-13,14,34225,43295,1.0,6.0,7.0,,
1521,2019-09-14,8,24380,28200,1.0,6.0,1.0,,
1522,2019-09-15,10,28930,33300,3.0,5.0,2.0,,
1523,2019-09-16,17,44015,54595,3.0,7.0,7.0,,
1524,2019-09-17,20,52320,60400,6.0,11.0,3.0,,
1525,2019-09-18,11,31850,36900,4.0,4.0,3.0,,
1526,2019-09-19,25,67005,76200,5.0,16.0,4.0,,
1527,2019-09-20,13,33160,39000,4.0,6.0,3.0,,
1528,2019-09-21,4,10225,13400,1.0,1.0,2.0,,
1529,2019-09-22,12,35680,41100,3.0,6.0,3.0,,
1530,2019-09-23,23,64695,76100,3.0,16.0,4.0,,
1531,2019-09-24,18,53450,60800,5.0,12.0,1.0,,
1532,2019-09-25,12,30540,37200,1.0,8.0,3.0,,
1533,2019-09-26,16,48920,55900,2.0,13.0,1.0,,
1534,2019-09-27,16,41185,49900,2.0,10.0,4.0,,
1535,2019-09-28,13,35690,40200,3.0,9.0,1.0,,
1536,2019-09-29,6,18910,19900,4.0,2.0,,,
1537,2019-09-30,32,87855,103600,9.0,18.0,4.0,1.0,
1538,2019-10-01,24,76515,84800,9.0,13.0,2.0,,
1539,2019-10-02,10,30980,34900,4.0,5.0,1.0,,
1540,2019-10-03,12,35415,41300,3.0,6.0,3.0,,
1541,2019-10-04,10,29230,32400,3.0,7.0,,,
1542,2019-10-05,5,15000,16700,1.0,4.0,,,
1543,2019-10-06,10,24435,28000,3.0,6.0,1.0,,
1544,2019-10-07,17,45895,53400,4.0,9.0,4.0,,
1545,2019-10-08,23,64990,73600,9.0,10.0,4.0,,
1546,2019-10-09,25,69220,76600,9.0,15.0,1.0,,
1547,2019-10-10,11,30720,35800,3.0,6.0,2.0,,
1548,2019-10-11,16,48135,54100,5.0,10.0,1.0,,
1549,2019-10-12,6,15100,17100,2.0,3.0,1.0,,
1550,2019-10-13,11,34525,38200,4.0,6.0,1.0,,
1551,2019-10-14,30,77280,93000,4.0,18.0,8.0,,
1552,2019-10-15,13,33600,40200,1.0,10.0,2.0,,
1553,2019-10-16,10,30390,34800,3.0,5.0,2.0,,
1554,2019-10-17,16,40480,49200,2.0,11.0,3.0,,
1555,2019-10-18,9,24125,29500,1.0,5.0,3.0,,
1556,2019-10-19,3,6480,8000,,1.0,2.0,,
1557,2019-10-20,12,31490,38100,3.0,5.0,4.0,,
1558,2019-10-21,24,69600,78700,7.0,14.0,3.0,,
1559,2019-10-22,8,23160,26200,2.0,6.0,,,
1560,2019-10-23,22,63325,71000,9.0,9.0,4.0,,
1561,2019-10-24,24,66845,77300,6.0,15.0,3.0,,
1562,2019-10-25,10,29100,33100,4.0,4.0,2.0,,
1563,2019-10-26,7,16940,19400,2.0,4.0,1.0,,
1564,2019-10-27,6,27835,32700,2.0,3.0,1.0,,
1565,2019-10-28,19,51500,58200,5.0,11.0,3.0,,
1566,2019-10-29,19,74175,86600,5.0,11.0,3.0,,
1567,2019-10-30,13,39870,43300,7.0,5.0,1.0,,
1568,2019-10-31,30,80312,96900,8.0,11.0,11.0,,
1569,2019-11-01,17,44745,54900,2.0,10.0,5.0,,
1570,2019-11-02,8,25015,27100,4.0,3.0,1.0,,
1571,2019-11-03,14,41350,47200,4.0,7.0,3.0,,
1572,2019-11-04,18,46550,55200,,15.0,3.0,,
1573,2019-11-05,17,46420,53800,4.0,9.0,4.0,,
1574,2019-11-06,12,30305,33800,3.0,8.0,1.0,,
1575,2019-11-07,22,57860,64800,5.0,15.0,2.0,,
1576,2019-11-08,12,30570,36000,2.0,7.0,3.0,,
1577,2019-11-09,14,34415,41100,3.0,8.0,3.0,,
1578,2019-11-10,9,23815,28700,1.0,5.0,3.0,,
1579,2019-11-11,25,77135,94100,7.0,14.0,3.0,1.0,
1580,2019-11-12,26,79490,94100,5.0,10.0,11.0,,
1581,2019-11-13,22,58945,68700,5.0,13.0,4.0,,
1582,2019-11-14,20,64175,70195,8.0,11.0,1.0,,
1583,2019-11-15,18,42370,52200,2.0,9.0,7.0,,
1584,2019-11-16,3,8675,9500,1.0,2.0,,,
1585,2019-11-17,8,22315,26000,2.0,5.0,1.0,,
1586,2019-11-18,15,60330,66400,7.0,8.0,,,
1587,2019-11-19,20,73422,80600,9.0,6.0,5.0,,
1588,2019-11-20,24,70382,80200,6.0,13.0,5.0,,
1589,2019-11-21,14,45075,51200,5.0,7.0,2.0,,
1590,2019-11-22,11,26730,30400,4.0,5.0,2.0,,
1591,2019-11-23,8,19300,24600,2.0,3.0,3.0,,
1592,2019-11-24,18,48545,60100,1.0,9.0,8.0,,
1593,2019-11-25,32,90494,110700,4.0,15.0,13.0,,
1594,2019-11-26,20,80471,96400,4.0,10.0,5.0,,1.0
1595,2019-11-27,19,53209,58800,7.0,11.0,1.0,,
1596,2019-11-28,33,101280,118500,6.0,21.0,5.0,1.0,
1597,2019-11-29,46,144345,178300,3.0,32.0,10.0,1.0,
1598,2019-11-30,8,26555,29900,2.0,5.0,1.0,,
1599,2019-12-01,23,70515,86400,2.0,15.0,6.0,,
1600,2019-12-02,45,129537,163300,2.0,26.0,17.0,,
1601,2019-12-03,52,148500,183000,6.0,35.0,11.0,,
1602,2019-12-04,15,48290,52700,6.0,8.0,1.0,,
1603,2019-12-05,23,66811,79500,4.0,12.0,7.0,,
1604,2019-12-06,26,70469,81900,7.0,12.0,7.0,,
1605,2019-12-07,10,30415,34900,3.0,5.0,2.0,,
1606,2019-12-08,13,41100,45900,5.0,5.0,3.0,,
1607,2019-12-09,59,156395,191495,7.0,26.0,26.0,,
1608,2019-12-10,33,105790,124700,7.0,15.0,11.0,,
1609,2019-12-11,34,102426,123700,4.0,20.0,9.0,1.0,
1610,2019-12-12,18,48793,59200,2.0,12.0,3.0,,1.0
1611,2019-12-13,23,69965,79200,8.0,11.0,4.0,,
1612,2019-12-14,17,71371,78400,4.0,11.0,2.0,,
1613,2019-12-15,16,64585,70700,4.0,11.0,1.0,,
1614,2019-12-16,46,127917,157600,7.0,24.0,15.0,,
1615,2019-12-17,48,182580,214300,8.0,30.0,10.0,,
1616,2019-12-18,50,177485,204395,10.0,30.0,9.0,1.0,
1617,2019-12-19,34,138989,155300,7.0,22.0,5.0,,
1618,2019-12-20,33,118265,133795,7.0,23.0,3.0,,
1619,2019-12-21,10,39820,44400,2.0,8.0,,,
1620,2019-12-22,7,24370,27300,1.0,6.0,,,
1621,2019-12-23,2,8610,8900,1.0,1.0,,,
1622,2019-12-24,2,6300,6800,1.0,1.0,,,
1623,2019-12-26,3,6160,6600,1.0,2.0,,,
1624,2019-12-27,10,27460,31500,2.0,7.0,1.0,,
1625,2019-12-28,7,17725,20000,2.0,3.0,2.0,,
1626,2019-12-29,11,47025,53100,4.0,7.0,,,
1627,2019-12-30,19,53830,62500,5.0,9.0,4.0,1.0,
1628,2019-12-31,7,22060,24400,1.0,6.0,,,
1629,2020-01-01,12,29870,34000,6.0,3.0,3.0,,
1630,2020-01-02,42,99815,126300,6.0,19.0,17.0,,
1631,2020-01-03,12,31085,36600,1.0,10.0,1.0,,
1632,2020-01-04,5,12620,15900,,3.0,2.0,,
1633,2020-01-05,10,25660,29600,3.0,6.0,1.0,,
1634,2020-01-06,18,66505,76200,5.0,11.0,2.0,,
1635,2020-01-07,23,67375,78800,2.0,20.0,1.0,,
1636,2020-01-08,24,71505,81100,6.0,17.0,1.0,,
1637,2020-01-09,19,53415,59995,5.0,12.0,2.0,,
1638,2020-01-10,15,36870,43200,2.0,11.0,2.0,,
1639,2020-01-11,6,17030,19500,3.0,1.0,2.0,,
1640,2020-01-12,11,27830,33000,2.0,7.0,2.0,,
1641,2020-01-13,15,37325,46800,1.0,9.0,5.0,,
1642,2020-01-14,23,65850,75100,5.0,15.0,3.0,,
1643,2020-01-15,12,37655,42100,4.0,7.0,1.0,,
1644,2020-01-16,19,62255,70700,5.0,11.0,3.0,,
1645,2020-01-17,15,42340,46500,7.0,7.0,1.0,,
1646,2020-01-18,6,15280,18300,1.0,3.0,2.0,,
1647,2020-01-19,8,21170,23200,4.0,3.0,1.0,,
1648,2020-01-20,30,87750,102200,4.0,22.0,4.0,,
1649,2020-01-21,23,63730,71900,8.0,13.0,2.0,,
1650,2020-01-22,16,50490,55100,8.0,6.0,2.0,,
1651,2020-01-23,20,52325,62800,4.0,10.0,6.0,,
1652,2020-01-24,16,50370,54900,10.0,5.0,,,1.0
1653,2020-01-25,8,20330,25000,2.0,3.0,2.0,1.0,
1654,2020-01-26,15,48000,52700,7.0,7.0,1.0,,
1655,2020-01-27,19,55122,62100,5.0,11.0,3.0,,
1656,2020-01-28,15,41635,47000,4.0,9.0,2.0,,
1657,2020-01-29,19,54410,61600,7.0,11.0,1.0,,
1658,2020-01-30,35,94305,108800,9.0,21.0,5.0,,
1659,2020-01-31,30,75385,89100,4.0,22.0,4.0,,
1660,2020-02-01,6,16420,17900,3.0,2.0,1.0,,
1661,2020-02-02,15,39644,45500,5.0,7.0,3.0,,
1662,2020-02-03,23,65985,74900,8.0,12.0,3.0,,
1663,2020-02-04,35,98115,113400,8.0,21.0,6.0,,
1664,2020-02-05,14,48235,51400,7.0,6.0,1.0,,
1665,2020-02-06,31,92100,104400,12.0,13.0,5.0,1.0,
1666,2020-02-07,24,78270,90200,7.0,12.0,4.0,1.0,
1667,2020-02-08,12,34720,38600,5.0,5.0,2.0,,
1668,2020-02-09,25,81620,91800,7.0,15.0,3.0,,
1669,2020-02-10,43,133083,158600,6.0,23.0,13.0,1.0,
1670,2020-02-11,50,176170,206400,8.0,33.0,9.0,,
1671,2020-02-12,46,149460,175175,11.0,24.0,11.0,,
1672,2020-02-13,52,155538,190500,9.0,24.0,17.0,2.0,
1673,2020-02-14,17,42110,48700,6.0,5.0,6.0,,
1674,2020-02-15,4,11300,12400,2.0,2.0,,,
1675,2020-02-16,10,24040,28000,3.0,5.0,2.0,,
1676,2020-02-17,12,35760,40800,4.0,6.0,2.0,,
1677,2020-02-18,19,52910,58700,8.0,9.0,2.0,,
1678,2020-02-19,14,40820,44200,6.0,8.0,,,
1679,2020-02-20,23,63460,75700,5.0,11.0,7.0,,
1680,2020-02-21,7,17050,20300,2.0,3.0,2.0,,
1681,2020-02-22,10,29970,32900,5.0,5.0,,,
1682,2020-02-23,9,24980,27900,3.0,6.0,,,
1683,2020-02-24,20,55305,65500,4.0,10.0,6.0,,
1684,2020-02-25,27,78320,89000,6.0,20.0,1.0,,
1685,2020-02-26,15,42417,48100,6.0,6.0,3.0,,
1686,2020-02-27,23,62065,71600,7.0,12.0,4.0,,
1687,2020-02-28,39,132937,160735,4.0,24.0,11.0,,
1688,2020-02-29,17,41544,50370,1.0,13.0,3.0,,
1689,2020-03-01,23,72718,81975,7.0,14.0,2.0,,
1690,2020-03-02,16,54845,58395,8.0,8.0,,,
1691,2020-03-03,33,93031,106065,6.0,22.0,5.0,,
1692,2020-03-04,29,86912,95760,8.0,21.0,,,
1693,2020-03-05,17,55201,60890,8.0,7.0,1.0,1.0,
1694,2020-03-06,26,61251,74575,3.0,14.0,9.0,,
1695,2020-03-07,11,26076,31885,1.0,7.0,3.0,,
1696,2020-03-08,21,81410,92480,3.0,11.0,7.0,,
1697,2020-03-09,45,129004,150470,11.0,22.0,12.0,,
1698,2020-03-10,43,115485,137000,9.0,23.0,11.0,,
1699,2020-03-11,26,80880,95000,5.0,18.0,2.0,1.0,
1700,2020-03-12,40,129845,146300,10.0,28.0,2.0,,
1701,2020-03-13,34,95680,114300,9.0,15.0,10.0,,
1702,2020-03-14,26,73675,84800,7.0,15.0,4.0,,
1703,2020-03-15,75,243660,276500,17.0,47.0,11.0,,
1704,2020-03-16,139,405480,486400,30.0,75.0,32.0,2.0,
1705,2020-03-17,155,483505,559400,31.0,92.0,32.0,,
1706,2020-03-18,193,609038,709395,37.0,118.0,37.0,1.0,
1707,2020-03-19,116,438776,496100,28.0,72.0,16.0,,
1708,2020-03-20,66,240964,272100,22.0,36.0,7.0,1.0,
1709,2020-03-21,37,127840,145500,13.0,19.0,5.0,,
1710,2020-03-22,40,108850,127900,6.0,27.0,7.0,,
1711,2020-03-23,37,103955,121400,13.0,17.0,6.0,1.0,
1712,2020-03-24,57,193300,211100,24.0,25.0,8.0,,
1713,2020-03-25,40,111580,123800,16.0,19.0,5.0,,
1714,2020-03-26,37,102980,120700,13.0,15.0,8.0,1.0,
1715,2020-03-27,55,133790,173100,13.0,15.0,18.0,9.0,
1716,2020-03-28,33,95345,109200,10.0,18.0,5.0,,
1717,2020-03-29,23,75725,87400,10.0,8.0,5.0,,
1718,2020-03-30,61,165280,200800,16.0,27.0,14.0,4.0,
1719,2020-03-31,67,181435,224000,17.0,25.0,23.0,1.0,1.0
1720,2020-04-01,39,111980,131100,13.0,16.0,9.0,1.0,
1721,2020-04-02,58,165604,200600,17.0,22.0,16.0,3.0,
1722,2020-04-03,79,236620,266900,36.0,29.0,13.0,1.0,
1723,2020-04-04,38,131510,142600,18.0,16.0,4.0,,
1724,2020-04-05,40,125850,142190,17.0,14.0,8.0,1.0,
1725,2020-04-06,78,228055,261900,32.0,23.0,21.0,2.0,
1726,2020-04-07,41,110805,122400,24.0,9.0,8.0,,
1727,2020-04-08,184,156765,552800,23.0,11.0,11.0,9.0,130.0
1728,2020-04-09,37,105500,122800,19.0,7.0,9.0,2.0,
1729,2020-04-10,40,124070,140500,23.0,9.0,7.0,1.0,
1730,2020-04-11,21,69850,77000,10.0,9.0,2.0,,
1731,2020-04-12,15,45730,55200,6.0,2.0,7.0,,
1732,2020-04-13,28,87700,97900,13.0,8.0,7.0,,
1733,2020-04-14,41,115470,134000,21.0,8.0,12.0,,
1734,2020-04-15,42,141160,151800,27.0,9.0,6.0,,
1735,2020-04-16,51,151665,166600,28.0,15.0,8.0,,
1736,2020-04-17,46,149151,166800,24.0,12.0,10.0,,
1737,2020-04-18,39,108505,128700,10.0,18.0,11.0,,
1738,2020-04-19,27,82554,88700,14.0,11.0,2.0,,
1739,2020-04-20,44,125860,147600,17.0,13.0,14.0,,
1740,2020-04-21,70,224280,246100,43.0,16.0,11.0,,
1741,2020-04-22,56,189120,213295,26.0,21.0,9.0,,
1742,2020-04-23,51,165990,187790,21.0,20.0,10.0,,
1743,2020-04-24,52,157460,186400,21.0,14.0,17.0,,
1744,2020-04-25,50,175710,196900,25.0,14.0,11.0,,
1745,2020-04-26,38,115060,129300,16.0,16.0,6.0,,
1746,2020-04-27,63,175000,204100,27.0,20.0,16.0,,
1747,2020-04-28,68,186690,220100,26.0,25.0,16.0,1.0,
1748,2020-04-29,82,225390,275490,32.0,27.0,18.0,,5.0
1749,2020-04-30,92,279714,315180,41.0,38.0,13.0,,
1750,2020-05-01,78,231705,272000,32.0,26.0,20.0,,
1751,2020-05-02,48,141930,164500,15.0,21.0,12.0,,
1752,2020-05-03,43,141390,157400,21.0,17.0,5.0,,
1753,2020-05-04,62,203210,229285,26.0,22.0,14.0,,
1754,2020-05-05,66,196300,231785,27.0,19.0,20.0,,
1755,2020-05-06,73,217780,251390,29.0,25.0,19.0,,
1756,2020-05-07,49,147200,169980,21.0,14.0,14.0,,
1757,2020-05-08,31,94540,107800,13.0,11.0,7.0,,
1758,2020-05-09,39,104650,117400,21.0,11.0,7.0,,
1759,2020-05-10,38,102285,122800,10.0,16.0,12.0,,
1760,2020-05-11,47,148970,166100,26.0,8.0,13.0,,
1761,2020-05-12,85,251510,282800,36.0,36.0,11.0,2.0,
1762,2020-05-13,60,175995,212600,16.0,26.0,16.0,2.0,
1763,2020-05-14,83,258585,289500,30.0,39.0,14.0,,
1764,2020-05-15,54,210230,232000,27.0,18.0,9.0,,
1765,2020-05-16,40,112765,127000,15.0,19.0,6.0,,
1766,2020-05-17,54,154385,181800,24.0,15.0,14.0,,1.0
1767,2020-05-18,50,137430,152300,30.0,11.0,9.0,,
1768,2020-05-19,69,197020,231800,18.0,36.0,15.0,,
1769,2020-05-20,71,184715,219100,18.0,42.0,11.0,,
1770,2020-05-21,45,131180,149100,16.0,22.0,7.0,,
1771,2020-05-22,62,162800,196000,20.0,21.0,21.0,,
1772,2020-05-23,38,111080,129500,14.0,12.0,11.0,1.0,
1773,2020-05-24,26,72770,85100,10.0,9.0,7.0,,
1774,2020-05-25,43,144280,167700,15.0,18.0,10.0,,
1775,2020-05-26,47,155090,173000,23.0,16.0,8.0,,
1776,2020-05-27,59,164855,189200,29.0,15.0,15.0,,
1777,2020-05-28,39,113815,125595,22.0,9.0,8.0,,
1778,2020-05-29,48,137295,161700,15.0,20.0,13.0,,
1779,2020-05-30,41,121965,138700,18.0,15.0,8.0,,
1780,2020-05-31,45,147170,173300,17.0,12.0,16.0,,
1781,2020-06-01,44,133790,147900,25.0,11.0,8.0,,
1782,2020-06-02,45,130075,151100,17.0,16.0,12.0,,
1783,2020-06-03,56,181145,210600,26.0,17.0,12.0,1.0,
1784,2020-06-04,54,163540,180700,25.0,23.0,6.0,,
1785,2020-06-05,37,100255,115400,11.0,19.0,7.0,,
1786,2020-06-06,30,89850,99100,17.0,8.0,5.0,,
1787,2020-06-07,38,112445,127700,17.0,15.0,5.0,1.0,
1788,2020-06-08,42,130745,150500,16.0,17.0,9.0,,
1789,2020-06-09,61,179435,206200,25.0,24.0,11.0,1.0,
1790,2020-06-10,35,99920,114100,15.0,14.0,6.0,,
1791,2020-06-11,52,158860,180500,21.0,21.0,10.0,,
1792,2020-06-12,36,102140,116900,18.0,12.0,5.0,,1.0
1793,2020-06-13,20,61520,66400,14.0,4.0,2.0,,
1794,2020-06-14,27,77320,85300,14.0,9.0,4.0,,
1795,2020-06-15,33,100530,114900,15.0,12.0,5.0,,1.0
1796,2020-06-16,55,166230,181000,28.0,23.0,4.0,,
1797,2020-06-17,32,95850,108900,15.0,13.0,3.0,,1.0
1798,2020-06-18,47,142730,157100,23.0,18.0,6.0,,
1799,2020-06-19,27,79290,89700,13.0,8.0,6.0,,
1800,2020-06-20,18,62010,69900,7.0,8.0,3.0,,
1801,2020-06-21,25,84750,93000,10.0,13.0,2.0,,
1802,2020-06-22,34,101565,111600,16.0,14.0,4.0,,
1803,2020-06-23,32,111490,124790,19.0,8.0,4.0,1.0,
1804,2020-06-24,36,105160,115700,20.0,11.0,4.0,1.0,
1805,2020-06-25,28,76160,87100,15.0,7.0,6.0,,
1806,2020-06-26,18,50020,55300,6.0,11.0,1.0,,
1807,2020-06-27,20,56140,62300,11.0,5.0,4.0,,
1808,2020-06-28,25,66625,76800,9.0,10.0,6.0,,
1809,2020-06-29,24,83620,93000,13.0,8.0,2.0,1.0,
1810,2020-06-30,30,93725,107100,12.0,11.0,7.0,,
1811,2020-07-01,30,86120,101000,11.0,13.0,5.0,,1.0
1812,2020-07-02,42,138820,152800,15.0,25.0,2.0,,
1813,2020-07-03,41,132165,145400,16.0,20.0,5.0,,
1814,2020-07-04,15,38125,42500,7.0,6.0,2.0,,
1815,2020-07-05,23,70450,74300,13.0,9.0,1.0,,
1816,2020-07-06,22,62345,67600,11.0,9.0,2.0,,
1817,2020-07-07,26,78800,85200,13.0,12.0,1.0,,
1818,2020-07-08,25,78630,84000,15.0,9.0,1.0,,
1819,2020-07-09,35,106550,113300,19.0,15.0,1.0,,
1820,2020-07-10,21,72860,77300,13.0,6.0,2.0,,
1821,2020-07-11,18,65940,70700,6.0,12.0,,,
1822,2020-07-12,17,52910,56100,9.0,7.0,1.0,,
1823,2020-07-13,24,63975,71000,11.0,10.0,3.0,,
1824,2020-07-14,30,91905,98695,15.0,13.0,2.0,,
1825,2020-07-15,22,85715,90000,12.0,8.0,2.0,,
1826,2020-07-16,29,84870,91600,13.0,16.0,,,
1827,2020-07-17,21,63830,69300,9.0,12.0,,,
1828,2020-07-18,14,38670,43100,6.0,6.0,2.0,,
1829,2020-07-19,19,61397,66100,9.0,9.0,1.0,,
1830,2020-07-20,27,84655,89400,17.0,9.0,1.0,,
1831,2020-07-21,28,90490,98000,13.0,13.0,2.0,,
1832,2020-07-22,22,65285,68800,12.0,10.0,,,
1833,2020-07-23,31,98755,108100,15.0,13.0,3.0,,
1834,2020-07-24,24,69220,74800,11.0,12.0,1.0,,
1835,2020-07-25,24,67960,73300,14.0,8.0,2.0,,
1836,2020-07-26,14,39145,42100,7.0,7.0,,,
1837,2020-07-27,11,33070,35100,5.0,6.0,,,
1838,2020-07-28,32,94820,102200,16.0,16.0,,,
1839,2020-07-29,17,47310,49700,12.0,5.0,,,
1840,2020-07-30,23,61015,66900,15.0,7.0,,1.0,
1841,2020-07-31,33,103740,109600,21.0,11.0,1.0,,
1842,2020-08-01,18,43000,53800,5.0,6.0,6.0,1.0,
1843,2020-08-02,21,65920,71700,11.0,9.0,1.0,,
1844,2020-08-03,49,143435,162200,9.0,38.0,2.0,,
1845,2020-08-04,34,95130,105900,11.0,21.0,2.0,,
1846,2020-08-05,42,131567,147700,14.0,20.0,8.0,,
1847,2020-08-06,24,70280,77300,13.0,8.0,3.0,,
1848,2020-08-07,21,62025,68100,9.0,9.0,3.0,,
1849,2020-08-08,9,27390,29200,5.0,3.0,1.0,,
1850,2020-08-09,15,45150,50400,4.0,10.0,1.0,,
1851,2020-08-10,45,139515,150200,24.0,20.0,1.0,,
1852,2020-08-11,29,93400,101095,12.0,16.0,1.0,,
1853,2020-08-12,25,81560,88800,12.0,12.0,,1.0,
1854,2020-08-13,29,84184,91500,14.0,11.0,4.0,,
1855,2020-08-14,19,56195,60600,8.0,11.0,,,
1856,2020-08-15,9,38914,43700,4.0,5.0,,,
1857,2020-08-16,16,50166,54500,8.0,7.0,1.0,,
1858,2020-08-17,40,117005,127400,16.0,24.0,,,
1859,2020-08-18,33,95480,104300,19.0,11.0,2.0,1.0,
1860,2020-08-19,27,85690,93300,12.0,13.0,2.0,,
1861,2020-08-20,20,67835,72500,11.0,9.0,,,
1862,2020-08-21,22,62205,69900,8.0,13.0,,1.0,
1863,2020-08-22,8,26820,28100,5.0,3.0,,,
1864,2020-08-23,16,46245,52400,4.0,10.0,2.0,,
1865,2020-08-24,23,72510,78790,12.0,7.0,4.0,,
1866,2020-08-25,26,80890,84800,17.0,8.0,1.0,,
1867,2020-08-26,31,89845,99000,13.0,15.0,3.0,,
1868,2020-08-27,28,88995,95100,14.0,13.0,1.0,,
1869,2020-08-28,35,108160,117300,18.0,15.0,1.0,1.0,
1870,2020-08-29,10,24705,30900,2.0,4.0,3.0,1.0,
1871,2020-08-30,14,44465,47600,9.0,4.0,1.0,,
1872,2020-08-31,26,85640,91300,15.0,10.0,1.0,,
1873,2020-09-01,54,151865,172300,12.0,35.0,7.0,,
1874,2020-09-02,29,109495,120300,11.0,18.0,,,
1875,2020-09-03,22,86515,94100,12.0,9.0,1.0,,
1876,2020-09-04,27,83605,90900,13.0,13.0,1.0,,
1877,2020-09-05,13,38160,42700,3.0,10.0,,,
1878,2020-09-06,20,61325,67800,7.0,12.0,1.0,,
1879,2020-09-07,31,92180,99700,14.0,17.0,,,
1880,2020-09-08,37,104200,115900,16.0,18.0,2.0,,1.0
1881,2020-09-09,30,96355,102200,18.0,11.0,1.0,,
1882,2020-09-10,25,78110,81500,16.0,9.0,,,
1883,2020-09-11,27,84095,91200,13.0,12.0,2.0,,
1884,2020-09-12,17,44905,51100,6.0,10.0,1.0,,
1885,2020-09-13,20,57465,64000,5.0,14.0,1.0,,
1886,2020-09-14,62,173740,204300,11.0,45.0,5.0,1.0,
1887,2020-09-15,45,137020,156200,11.0,31.0,3.0,,
